hRate,dTime,landscape,patch,gen,count,harvest
0,1,1,1,0,20,0
0,1,1,2,0,0,0
0,1,1,3,0,0,0
0,1,1,4,0,0,0
0,1,1,5,0,0,0
0,1,1,6,0,0,0
0,1,2,1,0,20,0
0,1,2,2,0,0,0
0,1,2,3,0,0,0
0,1,2,4,0,0,0
0,1,2,5,0,0,0
0,1,2,6,0,0,0
0.25,1,1,1,0,20,0
0.25,1,1,2,0,0,0
0.25,1,1,3,0,0,0
0.25,1,1,4,0,0,0
0.25,1,1,5,0,0,0
0.25,1,1,6,0,0,0
0.25,1,2,1,0,20,0
0.25,1,2,2,0,0,0
0.25,1,2,3,0,0,0
0.25,1,2,4,0,0,0
0.25,1,2,5,0,0,0
0.25,1,2,6,0,0,0
0.5,1,1,1,0,20,0
0.5,1,1,2,0,0,0
0.5,1,1,3,0,0,0
0.5,1,1,4,0,0,0
0.5,1,1,5,0,0,0
0.5,1,1,6,0,0,0
0.5,1,2,1,0,20,0
0.5,1,2,2,0,0,0
0.5,1,2,3,0,0,0
0.5,1,2,4,0,0,0
0.5,1,2,5,0,0,0
0.5,1,2,6,0,0,0
0.75,1,1,1,0,20,0
0.75,1,1,2,0,0,0
0.75,1,1,3,0,0,0
0.75,1,1,4,0,0,0
0.75,1,1,5,0,0,0
0.75,1,1,6,0,0,0
0.75,1,2,1,0,20,0
0.75,1,2,2,0,0,0
0.75,1,2,3,0,0,0
0.75,1,2,4,0,0,0
0.75,1,2,5,0,0,0
0.75,1,2,6,0,0,0
0,6,1,1,0,20,0
0,6,1,2,0,0,0
0,6,1,3,0,0,0
0,6,1,4,0,0,0
0,6,1,5,0,0,0
0,6,1,6,0,0,0
0,6,2,1,0,20,0
0,6,2,2,0,0,0
0,6,2,3,0,0,0
0,6,2,4,0,0,0
0,6,2,5,0,0,0
0,6,2,6,0,0,0
0.25,6,1,1,0,20,0
0.25,6,1,2,0,0,0
0.25,6,1,3,0,0,0
0.25,6,1,4,0,0,0
0.25,6,1,5,0,0,0
0.25,6,1,6,0,0,0
0.25,6,2,1,0,20,0
0.25,6,2,2,0,0,0
0.25,6,2,3,0,0,0
0.25,6,2,4,0,0,0
0.25,6,2,5,0,0,0
0.25,6,2,6,0,0,0
0.5,6,1,1,0,20,0
0.5,6,1,2,0,0,0
0.5,6,1,3,0,0,0
0.5,6,1,4,0,0,0
0.5,6,1,5,0,0,0
0.5,6,1,6,0,0,0
0.5,6,2,1,0,20,0
0.5,6,2,2,0,0,0
0.5,6,2,3,0,0,0
0.5,6,2,4,0,0,0
0.5,6,2,5,0,0,0
0.5,6,2,6,0,0,0
0.75,6,1,1,0,20,0
0.75,6,1,2,0,0,0
0.75,6,1,3,0,0,0
0.75,6,1,4,0,0,0
0.75,6,1,5,0,0,0
0.75,6,1,6,0,0,0
0.75,6,2,1,0,20,0
0.75,6,2,2,0,0,0
0.75,6,2,3,0,0,0
0.75,6,2,4,0,0,0
0.75,6,2,5,0,0,0
0.75,6,2,6,0,0,0
0,24,1,1,0,20,0
0,24,1,2,0,0,0
0,24,1,3,0,0,0
0,24,1,4,0,0,0
0,24,1,5,0,0,0
0,24,1,6,0,0,0
0,24,2,1,0,20,0
0,24,2,2,0,0,0
0,24,2,3,0,0,0
0,24,2,4,0,0,0
0,24,2,5,0,0,0
0,24,2,6,0,0,0
0.25,24,1,1,0,20,0
0.25,24,1,2,0,0,0
0.25,24,1,3,0,0,0
0.25,24,1,4,0,0,0
0.25,24,1,5,0,0,0
0.25,24,1,6,0,0,0
0.25,24,2,1,0,20,0
0.25,24,2,2,0,0,0
0.25,24,2,3,0,0,0
0.25,24,2,4,0,0,0
0.25,24,2,5,0,0,0
0.25,24,2,6,0,0,0
0.5,24,1,1,0,20,0
0.5,24,1,2,0,0,0
0.5,24,1,3,0,0,0
0.5,24,1,4,0,0,0
0.5,24,1,5,0,0,0
0.5,24,1,6,0,0,0
0.5,24,2,1,0,20,0
0.5,24,2,2,0,0,0
0.5,24,2,3,0,0,0
0.5,24,2,4,0,0,0
0.5,24,2,5,0,0,0
0.5,24,2,6,0,0,0
0.75,24,1,1,0,20,0
0.75,24,1,2,0,0,0
0.75,24,1,3,0,0,0
0.75,24,1,4,0,0,0
0.75,24,1,5,0,0,0
0.75,24,1,6,0,0,0
0.75,24,2,1,0,20,0
0.75,24,2,2,0,0,0
0.75,24,2,3,0,0,0
0.75,24,2,4,0,0,0
0.75,24,2,5,0,0,0
0.75,24,2,6,0,0,0
0,1,3,1,0,20,0
0,1,3,2,0,0,0
0,1,3,3,0,0,0
0,1,3,4,0,0,0
0,1,3,5,0,0,0
0,1,3,6,0,0,0
0,1,4,1,0,20,0
0,1,4,2,0,0,0
0,1,4,3,0,0,0
0,1,4,4,0,0,0
0,1,4,5,0,0,0
0,1,4,6,0,0,0
0.25,1,3,1,0,20,0
0.25,1,3,2,0,0,0
0.25,1,3,3,0,0,0
0.25,1,3,4,0,0,0
0.25,1,3,5,0,0,0
0.25,1,3,6,0,0,0
0.25,1,4,1,0,20,0
0.25,1,4,2,0,0,0
0.25,1,4,3,0,0,0
0.25,1,4,4,0,0,0
0.25,1,4,5,0,0,0
0.25,1,4,6,0,0,0
0.5,1,3,1,0,20,0
0.5,1,3,2,0,0,0
0.5,1,3,3,0,0,0
0.5,1,3,4,0,0,0
0.5,1,3,5,0,0,0
0.5,1,3,6,0,0,0
0.5,1,4,1,0,20,0
0.5,1,4,2,0,0,0
0.5,1,4,3,0,0,0
0.5,1,4,4,0,0,0
0.5,1,4,5,0,0,0
0.5,1,4,6,0,0,0
0.75,1,3,1,0,20,0
0.75,1,3,2,0,0,0
0.75,1,3,3,0,0,0
0.75,1,3,4,0,0,0
0.75,1,3,5,0,0,0
0.75,1,3,6,0,0,0
0.75,1,4,1,0,20,0
0.75,1,4,2,0,0,0
0.75,1,4,3,0,0,0
0.75,1,4,4,0,0,0
0.75,1,4,5,0,0,0
0.75,1,4,6,0,0,0
0,6,3,1,0,20,0
0,6,3,2,0,0,0
0,6,3,3,0,0,0
0,6,3,4,0,0,0
0,6,3,5,0,0,0
0,6,3,6,0,0,0
0,6,4,1,0,20,0
0,6,4,2,0,0,0
0,6,4,3,0,0,0
0,6,4,4,0,0,0
0,6,4,5,0,0,0
0,6,4,6,0,0,0
0.25,6,3,1,0,20,0
0.25,6,3,2,0,0,0
0.25,6,3,3,0,0,0
0.25,6,3,4,0,0,0
0.25,6,3,5,0,0,0
0.25,6,3,6,0,0,0
0.25,6,4,1,0,20,0
0.25,6,4,2,0,0,0
0.25,6,4,3,0,0,0
0.25,6,4,4,0,0,0
0.25,6,4,5,0,0,0
0.25,6,4,6,0,0,0
0.5,6,3,1,0,20,0
0.5,6,3,2,0,0,0
0.5,6,3,3,0,0,0
0.5,6,3,4,0,0,0
0.5,6,3,5,0,0,0
0.5,6,3,6,0,0,0
0.5,6,4,1,0,20,0
0.5,6,4,2,0,0,0
0.5,6,4,3,0,0,0
0.5,6,4,4,0,0,0
0.5,6,4,5,0,0,0
0.5,6,4,6,0,0,0
0.75,6,3,1,0,20,0
0.75,6,3,2,0,0,0
0.75,6,3,3,0,0,0
0.75,6,3,4,0,0,0
0.75,6,3,5,0,0,0
0.75,6,3,6,0,0,0
0.75,6,4,1,0,20,0
0.75,6,4,2,0,0,0
0.75,6,4,3,0,0,0
0.75,6,4,4,0,0,0
0.75,6,4,5,0,0,0
0.75,6,4,6,0,0,0
0,24,3,1,0,20,0
0,24,3,2,0,0,0
0,24,3,3,0,0,0
0,24,3,4,0,0,0
0,24,3,5,0,0,0
0,24,3,6,0,0,0
0,24,4,1,0,20,0
0,24,4,2,0,0,0
0,24,4,3,0,0,0
0,24,4,4,0,0,0
0,24,4,5,0,0,0
0,24,4,6,0,0,0
0.25,24,3,1,0,20,0
0.25,24,3,2,0,0,0
0.25,24,3,3,0,0,0
0.25,24,3,4,0,0,0
0.25,24,3,5,0,0,0
0.25,24,3,6,0,0,0
0.25,24,4,1,0,20,0
0.25,24,4,2,0,0,0
0.25,24,4,3,0,0,0
0.25,24,4,4,0,0,0
0.25,24,4,5,0,0,0
0.25,24,4,6,0,0,0
0.5,24,3,1,0,20,0
0.5,24,3,2,0,0,0
0.5,24,3,3,0,0,0
0.5,24,3,4,0,0,0
0.5,24,3,5,0,0,0
0.5,24,3,6,0,0,0
0.5,24,4,1,0,20,0
0.5,24,4,2,0,0,0
0.5,24,4,3,0,0,0
0.5,24,4,4,0,0,0
0.5,24,4,5,0,0,0
0.5,24,4,6,0,0,0
0.75,24,3,1,0,20,0
0.75,24,3,2,0,0,0
0.75,24,3,3,0,0,0
0.75,24,3,4,0,0,0
0.75,24,3,5,0,0,0
0.75,24,3,6,0,0,0
0.75,24,4,1,0,20,0
0.75,24,4,2,0,0,0
0.75,24,4,3,0,0,0
0.75,24,4,4,0,0,0
0.75,24,4,5,0,0,0
0.75,24,4,6,0,0,0
0,1,5,1,0,20,0
0,1,5,2,0,0,0
0,1,5,3,0,0,0
0,1,5,4,0,0,0
0,1,5,5,0,0,0
0,1,5,6,0,0,0
0,1,6,1,0,20,0
0,1,6,2,0,0,0
0,1,6,3,0,0,0
0,1,6,4,0,0,0
0,1,6,5,0,0,0
0,1,6,6,0,0,0
0.25,1,5,1,0,20,0
0.25,1,5,2,0,0,0
0.25,1,5,3,0,0,0
0.25,1,5,4,0,0,0
0.25,1,5,5,0,0,0
0.25,1,5,6,0,0,0
0.25,1,6,1,0,20,0
0.25,1,6,2,0,0,0
0.25,1,6,3,0,0,0
0.25,1,6,4,0,0,0
0.25,1,6,5,0,0,0
0.25,1,6,6,0,0,0
0.5,1,5,1,0,20,0
0.5,1,5,2,0,0,0
0.5,1,5,3,0,0,0
0.5,1,5,4,0,0,0
0.5,1,5,5,0,0,0
0.5,1,5,6,0,0,0
0.5,1,6,1,0,20,0
0.5,1,6,2,0,0,0
0.5,1,6,3,0,0,0
0.5,1,6,4,0,0,0
0.5,1,6,5,0,0,0
0.5,1,6,6,0,0,0
0.75,1,5,1,0,20,0
0.75,1,5,2,0,0,0
0.75,1,5,3,0,0,0
0.75,1,5,4,0,0,0
0.75,1,5,5,0,0,0
0.75,1,5,6,0,0,0
0.75,1,6,1,0,20,0
0.75,1,6,2,0,0,0
0.75,1,6,3,0,0,0
0.75,1,6,4,0,0,0
0.75,1,6,5,0,0,0
0.75,1,6,6,0,0,0
0,6,5,1,0,20,0
0,6,5,2,0,0,0
0,6,5,3,0,0,0
0,6,5,4,0,0,0
0,6,5,5,0,0,0
0,6,5,6,0,0,0
0,6,6,1,0,20,0
0,6,6,2,0,0,0
0,6,6,3,0,0,0
0,6,6,4,0,0,0
0,6,6,5,0,0,0
0,6,6,6,0,0,0
0.25,6,5,1,0,20,0
0.25,6,5,2,0,0,0
0.25,6,5,3,0,0,0
0.25,6,5,4,0,0,0
0.25,6,5,5,0,0,0
0.25,6,5,6,0,0,0
0.25,6,6,1,0,20,0
0.25,6,6,2,0,0,0
0.25,6,6,3,0,0,0
0.25,6,6,4,0,0,0
0.25,6,6,5,0,0,0
0.25,6,6,6,0,0,0
0.5,6,5,1,0,20,0
0.5,6,5,2,0,0,0
0.5,6,5,3,0,0,0
0.5,6,5,4,0,0,0
0.5,6,5,5,0,0,0
0.5,6,5,6,0,0,0
0.5,6,6,1,0,20,0
0.5,6,6,2,0,0,0
0.5,6,6,3,0,0,0
0.5,6,6,4,0,0,0
0.5,6,6,5,0,0,0
0.5,6,6,6,0,0,0
0.75,6,5,1,0,20,0
0.75,6,5,2,0,0,0
0.75,6,5,3,0,0,0
0.75,6,5,4,0,0,0
0.75,6,5,5,0,0,0
0.75,6,5,6,0,0,0
0.75,6,6,1,0,20,0
0.75,6,6,2,0,0,0
0.75,6,6,3,0,0,0
0.75,6,6,4,0,0,0
0.75,6,6,5,0,0,0
0.75,6,6,6,0,0,0
0,24,5,1,0,20,0
0,24,5,2,0,0,0
0,24,5,3,0,0,0
0,24,5,4,0,0,0
0,24,5,5,0,0,0
0,24,5,6,0,0,0
0,24,6,1,0,20,0
0,24,6,2,0,0,0
0,24,6,3,0,0,0
0,24,6,4,0,0,0
0,24,6,5,0,0,0
0,24,6,6,0,0,0
0.25,24,5,1,0,20,0
0.25,24,5,2,0,0,0
0.25,24,5,3,0,0,0
0.25,24,5,4,0,0,0
0.25,24,5,5,0,0,0
0.25,24,5,6,0,0,0
0.25,24,6,1,0,20,0
0.25,24,6,2,0,0,0
0.25,24,6,3,0,0,0
0.25,24,6,4,0,0,0
0.25,24,6,5,0,0,0
0.25,24,6,6,0,0,0
0.5,24,5,1,0,20,0
0.5,24,5,2,0,0,0
0.5,24,5,3,0,0,0
0.5,24,5,4,0,0,0
0.5,24,5,5,0,0,0
0.5,24,5,6,0,0,0
0.5,24,6,1,0,20,0
0.5,24,6,2,0,0,0
0.5,24,6,3,0,0,0
0.5,24,6,4,0,0,0
0.5,24,6,5,0,0,0
0.5,24,6,6,0,0,0
0.75,24,5,1,0,20,0
0.75,24,5,2,0,0,0
0.75,24,5,3,0,0,0
0.75,24,5,4,0,0,0
0.75,24,5,5,0,0,0
0.75,24,5,6,0,0,0
0.75,24,6,1,0,20,0
0.75,24,6,2,0,0,0
0.75,24,6,3,0,0,0
0.75,24,6,4,0,0,0
0.75,24,6,5,0,0,0
0.75,24,6,6,0,0,0
0,1,7,1,0,20,0
0,1,7,2,0,0,0
0,1,7,3,0,0,0
0,1,7,4,0,0,0
0,1,7,5,0,0,0
0,1,7,6,0,0,0
0,1,8,1,0,20,0
0,1,8,2,0,0,0
0,1,8,3,0,0,0
0,1,8,4,0,0,0
0,1,8,5,0,0,0
0,1,8,6,0,0,0
0.25,1,7,1,0,20,0
0.25,1,7,2,0,0,0
0.25,1,7,3,0,0,0
0.25,1,7,4,0,0,0
0.25,1,7,5,0,0,0
0.25,1,7,6,0,0,0
0.25,1,8,1,0,20,0
0.25,1,8,2,0,0,0
0.25,1,8,3,0,0,0
0.25,1,8,4,0,0,0
0.25,1,8,5,0,0,0
0.25,1,8,6,0,0,0
0.5,1,7,1,0,20,0
0.5,1,7,2,0,0,0
0.5,1,7,3,0,0,0
0.5,1,7,4,0,0,0
0.5,1,7,5,0,0,0
0.5,1,7,6,0,0,0
0.5,1,8,1,0,20,0
0.5,1,8,2,0,0,0
0.5,1,8,3,0,0,0
0.5,1,8,4,0,0,0
0.5,1,8,5,0,0,0
0.5,1,8,6,0,0,0
0.75,1,7,1,0,20,0
0.75,1,7,2,0,0,0
0.75,1,7,3,0,0,0
0.75,1,7,4,0,0,0
0.75,1,7,5,0,0,0
0.75,1,7,6,0,0,0
0.75,1,8,1,0,20,0
0.75,1,8,2,0,0,0
0.75,1,8,3,0,0,0
0.75,1,8,4,0,0,0
0.75,1,8,5,0,0,0
0.75,1,8,6,0,0,0
0,6,7,1,0,20,0
0,6,7,2,0,0,0
0,6,7,3,0,0,0
0,6,7,4,0,0,0
0,6,7,5,0,0,0
0,6,7,6,0,0,0
0,6,8,1,0,20,0
0,6,8,2,0,0,0
0,6,8,3,0,0,0
0,6,8,4,0,0,0
0,6,8,5,0,0,0
0,6,8,6,0,0,0
0.25,6,7,1,0,20,0
0.25,6,7,2,0,0,0
0.25,6,7,3,0,0,0
0.25,6,7,4,0,0,0
0.25,6,7,5,0,0,0
0.25,6,7,6,0,0,0
0.25,6,8,1,0,20,0
0.25,6,8,2,0,0,0
0.25,6,8,3,0,0,0
0.25,6,8,4,0,0,0
0.25,6,8,5,0,0,0
0.25,6,8,6,0,0,0
0.5,6,7,1,0,20,0
0.5,6,7,2,0,0,0
0.5,6,7,3,0,0,0
0.5,6,7,4,0,0,0
0.5,6,7,5,0,0,0
0.5,6,7,6,0,0,0
0.5,6,8,1,0,20,0
0.5,6,8,2,0,0,0
0.5,6,8,3,0,0,0
0.5,6,8,4,0,0,0
0.5,6,8,5,0,0,0
0.5,6,8,6,0,0,0
0.75,6,7,1,0,20,0
0.75,6,7,2,0,0,0
0.75,6,7,3,0,0,0
0.75,6,7,4,0,0,0
0.75,6,7,5,0,0,0
0.75,6,7,6,0,0,0
0.75,6,8,1,0,20,0
0.75,6,8,2,0,0,0
0.75,6,8,3,0,0,0
0.75,6,8,4,0,0,0
0.75,6,8,5,0,0,0
0.75,6,8,6,0,0,0
0,24,7,1,0,20,0
0,24,7,2,0,0,0
0,24,7,3,0,0,0
0,24,7,4,0,0,0
0,24,7,5,0,0,0
0,24,7,6,0,0,0
0,24,8,1,0,20,0
0,24,8,2,0,0,0
0,24,8,3,0,0,0
0,24,8,4,0,0,0
0,24,8,5,0,0,0
0,24,8,6,0,0,0
0.25,24,7,1,0,20,0
0.25,24,7,2,0,0,0
0.25,24,7,3,0,0,0
0.25,24,7,4,0,0,0
0.25,24,7,5,0,0,0
0.25,24,7,6,0,0,0
0.25,24,8,1,0,20,0
0.25,24,8,2,0,0,0
0.25,24,8,3,0,0,0
0.25,24,8,4,0,0,0
0.25,24,8,5,0,0,0
0.25,24,8,6,0,0,0
0.5,24,7,1,0,20,0
0.5,24,7,2,0,0,0
0.5,24,7,3,0,0,0
0.5,24,7,4,0,0,0
0.5,24,7,5,0,0,0
0.5,24,7,6,0,0,0
0.5,24,8,1,0,20,0
0.5,24,8,2,0,0,0
0.5,24,8,3,0,0,0
0.5,24,8,4,0,0,0
0.5,24,8,5,0,0,0
0.5,24,8,6,0,0,0
0.75,24,7,1,0,20,0
0.75,24,7,2,0,0,0
0.75,24,7,3,0,0,0
0.75,24,7,4,0,0,0
0.75,24,7,5,0,0,0
0.75,24,7,6,0,0,0
0.75,24,8,1,0,20,0
0.75,24,8,2,0,0,0
0.75,24,8,3,0,0,0
0.75,24,8,4,0,0,0
0.75,24,8,5,0,0,0
0.75,24,8,6,0,0,0
0,1,9,1,0,20,0
0,1,9,2,0,0,0
0,1,9,3,0,0,0
0,1,9,4,0,0,0
0,1,9,5,0,0,0
0,1,9,6,0,0,0
0,1,10,1,0,20,0
0,1,10,2,0,0,0
0,1,10,3,0,0,0
0,1,10,4,0,0,0
0,1,10,5,0,0,0
0,1,10,6,0,0,0
0.25,1,9,1,0,20,0
0.25,1,9,2,0,0,0
0.25,1,9,3,0,0,0
0.25,1,9,4,0,0,0
0.25,1,9,5,0,0,0
0.25,1,9,6,0,0,0
0.25,1,10,1,0,20,0
0.25,1,10,2,0,0,0
0.25,1,10,3,0,0,0
0.25,1,10,4,0,0,0
0.25,1,10,5,0,0,0
0.25,1,10,6,0,0,0
0.5,1,9,1,0,20,0
0.5,1,9,2,0,0,0
0.5,1,9,3,0,0,0
0.5,1,9,4,0,0,0
0.5,1,9,5,0,0,0
0.5,1,9,6,0,0,0
0.5,1,10,1,0,20,0
0.5,1,10,2,0,0,0
0.5,1,10,3,0,0,0
0.5,1,10,4,0,0,0
0.5,1,10,5,0,0,0
0.5,1,10,6,0,0,0
0.75,1,9,1,0,20,0
0.75,1,9,2,0,0,0
0.75,1,9,3,0,0,0
0.75,1,9,4,0,0,0
0.75,1,9,5,0,0,0
0.75,1,9,6,0,0,0
0.75,1,10,1,0,20,0
0.75,1,10,2,0,0,0
0.75,1,10,3,0,0,0
0.75,1,10,4,0,0,0
0.75,1,10,5,0,0,0
0.75,1,10,6,0,0,0
0,6,9,1,0,20,0
0,6,9,2,0,0,0
0,6,9,3,0,0,0
0,6,9,4,0,0,0
0,6,9,5,0,0,0
0,6,9,6,0,0,0
0,6,10,1,0,20,0
0,6,10,2,0,0,0
0,6,10,3,0,0,0
0,6,10,4,0,0,0
0,6,10,5,0,0,0
0,6,10,6,0,0,0
0.25,6,9,1,0,20,0
0.25,6,9,2,0,0,0
0.25,6,9,3,0,0,0
0.25,6,9,4,0,0,0
0.25,6,9,5,0,0,0
0.25,6,9,6,0,0,0
0.25,6,10,1,0,20,0
0.25,6,10,2,0,0,0
0.25,6,10,3,0,0,0
0.25,6,10,4,0,0,0
0.25,6,10,5,0,0,0
0.25,6,10,6,0,0,0
0.5,6,9,1,0,20,0
0.5,6,9,2,0,0,0
0.5,6,9,3,0,0,0
0.5,6,9,4,0,0,0
0.5,6,9,5,0,0,0
0.5,6,9,6,0,0,0
0.5,6,10,1,0,20,0
0.5,6,10,2,0,0,0
0.5,6,10,3,0,0,0
0.5,6,10,4,0,0,0
0.5,6,10,5,0,0,0
0.5,6,10,6,0,0,0
0.75,6,9,1,0,20,0
0.75,6,9,2,0,0,0
0.75,6,9,3,0,0,0
0.75,6,9,4,0,0,0
0.75,6,9,5,0,0,0
0.75,6,9,6,0,0,0
0.75,6,10,1,0,20,0
0.75,6,10,2,0,0,0
0.75,6,10,3,0,0,0
0.75,6,10,4,0,0,0
0.75,6,10,5,0,0,0
0.75,6,10,6,0,0,0
0,24,9,1,0,20,0
0,24,9,2,0,0,0
0,24,9,3,0,0,0
0,24,9,4,0,0,0
0,24,9,5,0,0,0
0,24,9,6,0,0,0
0,24,10,1,0,20,0
0,24,10,2,0,0,0
0,24,10,3,0,0,0
0,24,10,4,0,0,0
0,24,10,5,0,0,0
0,24,10,6,0,0,0
0.25,24,9,1,0,20,0
0.25,24,9,2,0,0,0
0.25,24,9,3,0,0,0
0.25,24,9,4,0,0,0
0.25,24,9,5,0,0,0
0.25,24,9,6,0,0,0
0.25,24,10,1,0,20,0
0.25,24,10,2,0,0,0
0.25,24,10,3,0,0,0
0.25,24,10,4,0,0,0
0.25,24,10,5,0,0,0
0.25,24,10,6,0,0,0
0.5,24,9,1,0,20,0
0.5,24,9,2,0,0,0
0.5,24,9,3,0,0,0
0.5,24,9,4,0,0,0
0.5,24,9,5,0,0,0
0.5,24,9,6,0,0,0
0.5,24,10,1,0,20,0
0.5,24,10,2,0,0,0
0.5,24,10,3,0,0,0
0.5,24,10,4,0,0,0
0.5,24,10,5,0,0,0
0.5,24,10,6,0,0,0
0.75,24,9,1,0,20,0
0.75,24,9,2,0,0,0
0.75,24,9,3,0,0,0
0.75,24,9,4,0,0,0
0.75,24,9,5,0,0,0
0.75,24,9,6,0,0,0
0.75,24,10,1,0,20,0
0.75,24,10,2,0,0,0
0.75,24,10,3,0,0,0
0.75,24,10,4,0,0,0
0.75,24,10,5,0,0,0
0.75,24,10,6,0,0,0
0,1,1,1,1,40,0
0,1,1,2,1,0,0
0,1,1,3,1,0,0
0,1,1,4,1,0,0
0,1,1,5,1,0,0
0,1,1,6,1,0,0
0,1,2,1,1,59,0
0,1,2,2,1,0,0
0,1,2,3,1,0,0
0,1,2,4,1,0,0
0,1,2,5,1,0,0
0,1,2,6,1,0,0
0.25,1,1,1,1,49,13
0.25,1,1,2,1,0,0
0.25,1,1,3,1,0,0
0.25,1,1,4,1,0,0
0.25,1,1,5,1,0,0
0.25,1,1,6,1,0,0
0.25,1,2,1,1,82.0134793597304,21
0.25,1,2,2,1,3,0
0.25,1,2,3,1,0,0
0.25,1,2,4,1,0,0
0.25,1,2,5,1,0,0
0.25,1,2,6,1,0,0
0.5,1,1,1,1,33,17
0.5,1,1,2,1,0,0
0.5,1,1,3,1,0,0
0.5,1,1,4,1,0,0
0.5,1,1,5,1,0,0
0.5,1,1,6,1,0,0
0.5,1,2,1,1,69,35
0.5,1,2,2,1,2,1
0.5,1,2,3,1,0,0
0.5,1,2,4,1,0,0
0.5,1,2,5,1,0,0
0.5,1,2,6,1,0,0
0.75,1,1,1,1,87.2384937238494,66
0.75,1,1,2,1,0,0
0.75,1,1,3,1,0,0
0.75,1,1,4,1,0,0
0.75,1,1,5,1,0,0
0.75,1,1,6,1,0,0
0.75,1,2,1,1,65,49
0.75,1,2,2,1,0,0
0.75,1,2,3,1,0,0
0.75,1,2,4,1,0,0
0.75,1,2,5,1,0,0
0.75,1,2,6,1,0,0
0,6,1,1,1,81.1955661124307,0
0,6,1,2,1,0,0
0,6,1,3,1,0,0
0,6,1,4,1,0,0
0,6,1,5,1,0,0
0,6,1,6,1,0,0
0,6,2,1,1,57,0
0,6,2,2,1,2,0
0,6,2,3,1,0,0
0,6,2,4,1,0,0
0,6,2,5,1,0,0
0,6,2,6,1,0,0
0.25,6,1,1,1,55,14
0.25,6,1,2,1,2,1
0.25,6,1,3,1,0,0
0.25,6,1,4,1,0,0
0.25,6,1,5,1,0,0
0.25,6,1,6,1,0,0
0.25,6,2,1,1,78.7519142419602,20
0.25,6,2,2,1,3,1
0.25,6,2,3,1,0,0
0.25,6,2,4,1,0,0
0.25,6,2,5,1,0,0
0.25,6,2,6,1,0,0
0.5,6,1,1,1,66,33
0.5,6,1,2,1,4,2
0.5,6,1,3,1,0,0
0.5,6,1,4,1,0,0
0.5,6,1,5,1,0,0
0.5,6,1,6,1,0,0
0.5,6,2,1,1,79.6576433121019,40
0.5,6,2,2,1,2,1
0.5,6,2,3,1,0,0
0.5,6,2,4,1,0,0
0.5,6,2,5,1,0,0
0.5,6,2,6,1,0,0
0.75,6,1,1,1,61,46
0.75,6,1,2,1,0,0
0.75,6,1,3,1,0,0
0.75,6,1,4,1,0,0
0.75,6,1,5,1,0,0
0.75,6,1,6,1,0,0
0.75,6,2,1,1,50,38
0.75,6,2,2,1,0,0
0.75,6,2,3,1,0,0
0.75,6,2,4,1,0,0
0.75,6,2,5,1,0,0
0.75,6,2,6,1,0,0
0,24,1,1,1,63,0
0,24,1,2,1,5,0
0,24,1,3,1,0,0
0,24,1,4,1,0,0
0,24,1,5,1,0,0
0,24,1,6,1,0,0
0,24,2,1,1,50,0
0,24,2,2,1,0,0
0,24,2,3,1,0,0
0,24,2,4,1,0,0
0,24,2,5,1,0,0
0,24,2,6,1,0,0
0.25,24,1,1,1,65,17
0.25,24,1,2,1,2,1
0.25,24,1,3,1,0,0
0.25,24,1,4,1,0,0
0.25,24,1,5,1,0,0
0.25,24,1,6,1,0,0
0.25,24,2,1,1,70,18
0.25,24,2,2,1,8,2
0.25,24,2,3,1,1,0
0.25,24,2,4,1,0,0
0.25,24,2,5,1,0,0
0.25,24,2,6,1,0,0
0.5,24,1,1,1,55,28
0.5,24,1,2,1,0,0
0.5,24,1,3,1,0,0
0.5,24,1,4,1,0,0
0.5,24,1,5,1,0,0
0.5,24,1,6,1,0,0
0.5,24,2,1,1,64,32
0.5,24,2,2,1,15,8
0.5,24,2,3,1,0,0
0.5,24,2,4,1,0,0
0.5,24,2,5,1,0,0
0.5,24,2,6,1,0,0
0.75,24,1,1,1,55,42
0.75,24,1,2,1,7,6
0.75,24,1,3,1,0,0
0.75,24,1,4,1,0,0
0.75,24,1,5,1,0,0
0.75,24,1,6,1,0,0
0.75,24,2,1,1,56,42
0.75,24,2,2,1,9,7
0.75,24,2,3,1,0,0
0.75,24,2,4,1,0,0
0.75,24,2,5,1,0,0
0.75,24,2,6,1,0,0
0,1,3,1,1,103.394568690096,0
0,1,3,2,1,1,0
0,1,3,3,1,0,0
0,1,3,4,1,0,0
0,1,3,5,1,0,0
0,1,3,6,1,0,0
0,1,4,1,1,51,0
0,1,4,2,1,0,0
0,1,4,3,1,0,0
0,1,4,4,1,0,0
0,1,4,5,1,0,0
0,1,4,6,1,0,0
0.25,1,3,1,1,82.1543408360129,21
0.25,1,3,2,1,0,0
0.25,1,3,3,1,0,0
0.25,1,3,4,1,0,0
0.25,1,3,5,1,0,0
0.25,1,3,6,1,0,0
0.25,1,4,1,1,76.9198312236287,20
0.25,1,4,2,1,0,0
0.25,1,4,3,1,0,0
0.25,1,4,4,1,0,0
0.25,1,4,5,1,0,0
0.25,1,4,6,1,0,0
0.5,1,3,1,1,74,37
0.5,1,3,2,1,1,1
0.5,1,3,3,1,0,0
0.5,1,3,4,1,0,0
0.5,1,3,5,1,0,0
0.5,1,3,6,1,0,0
0.5,1,4,1,1,86.0811930405965,44
0.5,1,4,2,1,0,0
0.5,1,4,3,1,0,0
0.5,1,4,4,1,0,0
0.5,1,4,5,1,0,0
0.5,1,4,6,1,0,0
0.75,1,3,1,1,90.1911886949293,68
0.75,1,3,2,1,0,0
0.75,1,3,3,1,0,0
0.75,1,3,4,1,0,0
0.75,1,3,5,1,0,0
0.75,1,3,6,1,0,0
0.75,1,4,1,1,59,45
0.75,1,4,2,1,0,0
0.75,1,4,3,1,0,0
0.75,1,4,4,1,0,0
0.75,1,4,5,1,0,0
0.75,1,4,6,1,0,0
0,6,3,1,1,106.569037656904,0
0,6,3,2,1,4,0
0,6,3,3,1,0,0
0,6,3,4,1,0,0
0,6,3,5,1,0,0
0,6,3,6,1,0,0
0,6,4,1,1,57,0
0,6,4,2,1,1,0
0,6,4,3,1,0,0
0,6,4,4,1,0,0
0,6,4,5,1,0,0
0,6,4,6,1,0,0
0.25,6,3,1,1,119.009584664537,30
0.25,6,3,2,1,1,1
0.25,6,3,3,1,0,0
0.25,6,3,4,1,0,0
0.25,6,3,5,1,0,0
0.25,6,3,6,1,0,0
0.25,6,4,1,1,91.9807538091419,24
0.25,6,4,2,1,1,1
0.25,6,4,3,1,0,0
0.25,6,4,4,1,0,0
0.25,6,4,5,1,0,0
0.25,6,4,6,1,0,0
0.5,6,3,1,1,73,37
0.5,6,3,2,1,1,1
0.5,6,3,3,1,0,0
0.5,6,3,4,1,0,0
0.5,6,3,5,1,0,0
0.5,6,3,6,1,0,0
0.5,6,4,1,1,97.65625,49
0.5,6,4,2,1,0,0
0.5,6,4,3,1,0,0
0.5,6,4,4,1,0,0
0.5,6,4,5,1,0,0
0.5,6,4,6,1,0,0
0.75,6,3,1,1,61,46
0.75,6,3,2,1,0,0
0.75,6,3,3,1,0,0
0.75,6,3,4,1,0,0
0.75,6,3,5,1,0,0
0.75,6,3,6,1,0,0
0.75,6,4,1,1,84.7073371805441,64
0.75,6,4,2,1,2,2
0.75,6,4,3,1,0,0
0.75,6,4,4,1,0,0
0.75,6,4,5,1,0,0
0.75,6,4,6,1,0,0
0,24,3,1,1,77.2727272727273,0
0,24,3,2,1,9,0
0,24,3,3,1,0,0
0,24,3,4,1,0,0
0,24,3,5,1,0,0
0,24,3,6,1,0,0
0,24,4,1,1,90.9952606635071,0
0,24,4,2,1,7,0
0,24,4,3,1,1,0
0,24,4,4,1,0,0
0,24,4,5,1,0,0
0,24,4,6,1,0,0
0.25,24,3,1,1,52,13
0.25,24,3,2,1,3,1
0.25,24,3,3,1,0,0
0.25,24,3,4,1,0,0
0.25,24,3,5,1,0,0
0.25,24,3,6,1,0,0
0.25,24,4,1,1,57.5918367346939,15
0.25,24,4,2,1,7,2
0.25,24,4,3,1,0,0
0.25,24,4,4,1,0,0
0.25,24,4,5,1,0,0
0.25,24,4,6,1,0,0
0.5,24,3,1,1,83.5719968178202,42
0.5,24,3,2,1,7,4
0.5,24,3,3,1,1,1
0.5,24,3,4,1,0,0
0.5,24,3,5,1,0,0
0.5,24,3,6,1,0,0
0.5,24,4,1,1,81.0635042081102,41
0.5,24,4,2,1,4,2
0.5,24,4,3,1,0,0
0.5,24,4,4,1,0,0
0.5,24,4,5,1,0,0
0.5,24,4,6,1,0,0
0.75,24,3,1,1,66,50
0.75,24,3,2,1,0,0
0.75,24,3,3,1,0,0
0.75,24,3,4,1,0,0
0.75,24,3,5,1,0,0
0.75,24,3,6,1,0,0
0.75,24,4,1,1,60,45
0.75,24,4,2,1,1,1
0.75,24,4,3,1,0,0
0.75,24,4,4,1,0,0
0.75,24,4,5,1,0,0
0.75,24,4,6,1,0,0
0,1,5,1,1,36,0
0,1,5,2,1,0,0
0,1,5,3,1,0,0
0,1,5,4,1,0,0
0,1,5,5,1,0,0
0,1,5,6,1,0,0
0,1,6,1,1,54,0
0,1,6,2,1,0,0
0,1,6,3,1,0,0
0,1,6,4,1,0,0
0,1,6,5,1,0,0
0,1,6,6,1,0,0
0.25,1,5,1,1,45,12
0.25,1,5,2,1,0,0
0.25,1,5,3,1,0,0
0.25,1,5,4,1,0,0
0.25,1,5,5,1,0,0
0.25,1,5,6,1,0,0
0.25,1,6,1,1,49,13
0.25,1,6,2,1,0,0
0.25,1,6,3,1,0,0
0.25,1,6,4,1,0,0
0.25,1,6,5,1,0,0
0.25,1,6,6,1,0,0
0.5,1,5,1,1,62,31
0.5,1,5,2,1,3,2
0.5,1,5,3,1,0,0
0.5,1,5,4,1,0,0
0.5,1,5,5,1,0,0
0.5,1,5,6,1,0,0
0.5,1,6,1,1,58,29
0.5,1,6,2,1,1,1
0.5,1,6,3,1,0,0
0.5,1,6,4,1,0,0
0.5,1,6,5,1,0,0
0.5,1,6,6,1,0,0
0.75,1,5,1,1,36,27
0.75,1,5,2,1,0,0
0.75,1,5,3,1,0,0
0.75,1,5,4,1,0,0
0.75,1,5,5,1,0,0
0.75,1,5,6,1,0,0
0.75,1,6,1,1,44,33
0.75,1,6,2,1,0,0
0.75,1,6,3,1,0,0
0.75,1,6,4,1,0,0
0.75,1,6,5,1,0,0
0.75,1,6,6,1,0,0
0,6,5,1,1,67,0
0,6,5,2,1,2,0
0,6,5,3,1,0,0
0,6,5,4,1,0,0
0,6,5,5,1,0,0
0,6,5,6,1,0,0
0,6,6,1,1,42,0
0,6,6,2,1,0,0
0,6,6,3,1,0,0
0,6,6,4,1,0,0
0,6,6,5,1,0,0
0,6,6,6,1,0,0
0.25,6,5,1,1,52,13
0.25,6,5,2,1,1,1
0.25,6,5,3,1,0,0
0.25,6,5,4,1,0,0
0.25,6,5,5,1,0,0
0.25,6,5,6,1,0,0
0.25,6,6,1,1,58,15
0.25,6,6,2,1,0,0
0.25,6,6,3,1,0,0
0.25,6,6,4,1,0,0
0.25,6,6,5,1,0,0
0.25,6,6,6,1,0,0
0.5,6,5,1,1,60,30
0.5,6,5,2,1,1,1
0.5,6,5,3,1,0,0
0.5,6,5,4,1,0,0
0.5,6,5,5,1,0,0
0.5,6,5,6,1,0,0
0.5,6,6,1,1,68,34
0.5,6,6,2,1,0,0
0.5,6,6,3,1,0,0
0.5,6,6,4,1,0,0
0.5,6,6,5,1,0,0
0.5,6,6,6,1,0,0
0.75,6,5,1,1,64,48
0.75,6,5,2,1,0,0
0.75,6,5,3,1,0,0
0.75,6,5,4,1,0,0
0.75,6,5,5,1,0,0
0.75,6,5,6,1,0,0
0.75,6,6,1,1,72,54
0.75,6,6,2,1,1,1
0.75,6,6,3,1,0,0
0.75,6,6,4,1,0,0
0.75,6,6,5,1,0,0
0.75,6,6,6,1,0,0
0,24,5,1,1,58,0
0,24,5,2,1,3,0
0,24,5,3,1,0,0
0,24,5,4,1,0,0
0,24,5,5,1,0,0
0,24,5,6,1,0,0
0,24,6,1,1,38,0
0,24,6,2,1,3,0
0,24,6,3,1,0,0
0,24,6,4,1,0,0
0,24,6,5,1,0,0
0,24,6,6,1,0,0
0.25,24,5,1,1,54,14
0.25,24,5,2,1,5,2
0.25,24,5,3,1,0,0
0.25,24,5,4,1,0,0
0.25,24,5,5,1,0,0
0.25,24,5,6,1,0,0
0.25,24,6,1,1,207.324561403509,52
0.25,24,6,2,1,2,1
0.25,24,6,3,1,0,0
0.25,24,6,4,1,0,0
0.25,24,6,5,1,0,0
0.25,24,6,6,1,0,0
0.5,24,5,1,1,47,24
0.5,24,5,2,1,3,2
0.5,24,5,3,1,0,0
0.5,24,5,4,1,0,0
0.5,24,5,5,1,0,0
0.5,24,5,6,1,0,0
0.5,24,6,1,1,68,34
0.5,24,6,2,1,1,1
0.5,24,6,3,1,1,1
0.5,24,6,4,1,0,0
0.5,24,6,5,1,0,0
0.5,24,6,6,1,0,0
0.75,24,5,1,1,49,37
0.75,24,5,2,1,2,2
0.75,24,5,3,1,0,0
0.75,24,5,4,1,0,0
0.75,24,5,5,1,0,0
0.75,24,5,6,1,0,0
0.75,24,6,1,1,62,47
0.75,24,6,2,1,3,3
0.75,24,6,3,1,0,0
0.75,24,6,4,1,0,0
0.75,24,6,5,1,0,0
0.75,24,6,6,1,0,0
0,1,7,1,1,115.763732129421,0
0,1,7,2,1,1,0
0,1,7,3,1,0,0
0,1,7,4,1,0,0
0,1,7,5,1,0,0
0,1,7,6,1,0,0
0,1,8,1,1,53,0
0,1,8,2,1,0,0
0,1,8,3,1,0,0
0,1,8,4,1,0,0
0,1,8,5,1,0,0
0,1,8,6,1,0,0
0.25,1,7,1,1,99.9606918238994,25
0.25,1,7,2,1,0,0
0.25,1,7,3,1,0,0
0.25,1,7,4,1,0,0
0.25,1,7,5,1,0,0
0.25,1,7,6,1,0,0
0.25,1,8,1,1,94.6993670886076,24
0.25,1,8,2,1,0,0
0.25,1,8,3,1,0,0
0.25,1,8,4,1,0,0
0.25,1,8,5,1,0,0
0.25,1,8,6,1,0,0
0.5,1,7,1,1,121.639344262295,61
0.5,1,7,2,1,0,0
0.5,1,7,3,1,0,0
0.5,1,7,4,1,0,0
0.5,1,7,5,1,0,0
0.5,1,7,6,1,0,0
0.5,1,8,1,1,93.7192118226601,47
0.5,1,8,2,1,3,2
0.5,1,8,3,1,0,0
0.5,1,8,4,1,0,0
0.5,1,8,5,1,0,0
0.5,1,8,6,1,0,0
0.75,1,7,1,1,112.422600619195,85
0.75,1,7,2,1,1,1
0.75,1,7,3,1,0,0
0.75,1,7,4,1,0,0
0.75,1,7,5,1,0,0
0.75,1,7,6,1,0,0
0.75,1,8,1,1,82.7993897787948,63
0.75,1,8,2,1,1,1
0.75,1,8,3,1,0,0
0.75,1,8,4,1,0,0
0.75,1,8,5,1,0,0
0.75,1,8,6,1,0,0
0,6,7,1,1,112.788778877888,0
0,6,7,2,1,2,0
0,6,7,3,1,0,0
0,6,7,4,1,0,0
0,6,7,5,1,0,0
0,6,7,6,1,0,0
0,6,8,1,1,108.147229114971,0
0,6,8,2,1,1,0
0,6,8,3,1,0,0
0,6,8,4,1,0,0
0,6,8,5,1,0,0
0,6,8,6,1,0,0
0.25,6,7,1,1,59,15
0.25,6,7,2,1,7,2
0.25,6,7,3,1,0,0
0.25,6,7,4,1,0,0
0.25,6,7,5,1,0,0
0.25,6,7,6,1,0,0
0.25,6,8,1,1,109.610123119015,28
0.25,6,8,2,1,4,1
0.25,6,8,3,1,0,0
0.25,6,8,4,1,0,0
0.25,6,8,5,1,0,0
0.25,6,8,6,1,0,0
0.5,6,7,1,1,70,35
0.5,6,7,2,1,4,2
0.5,6,7,3,1,0,0
0.5,6,7,4,1,0,0
0.5,6,7,5,1,0,0
0.5,6,7,6,1,0,0
0.5,6,8,1,1,104.281345565749,53
0.5,6,8,2,1,8,4
0.5,6,8,3,1,0,0
0.5,6,8,4,1,0,0
0.5,6,8,5,1,0,0
0.5,6,8,6,1,0,0
0.75,6,7,1,1,122.588235294118,92
0.75,6,7,2,1,2,2
0.75,6,7,3,1,0,0
0.75,6,7,4,1,0,0
0.75,6,7,5,1,0,0
0.75,6,7,6,1,0,0
0.75,6,8,1,1,105.775444264943,80
0.75,6,8,2,1,14,11
0.75,6,8,3,1,0,0
0.75,6,8,4,1,0,0
0.75,6,8,5,1,0,0
0.75,6,8,6,1,0,0
0,24,7,1,1,73,0
0,24,7,2,1,7,0
0,24,7,3,1,0,0
0,24,7,4,1,0,0
0,24,7,5,1,0,0
0,24,7,6,1,0,0
0,24,8,1,1,71,0
0,24,8,2,1,26,0
0,24,8,3,1,0,0
0,24,8,4,1,0,0
0,24,8,5,1,0,0
0,24,8,6,1,0,0
0.25,24,7,1,1,80.4699537750385,21
0.25,24,7,2,1,11,3
0.25,24,7,3,1,1,1
0.25,24,7,4,1,1,1
0.25,24,7,5,1,0,0
0.25,24,7,6,1,0,0
0.25,24,8,1,1,98.5549132947977,25
0.25,24,8,2,1,7,2
0.25,24,8,3,1,1,1
0.25,24,8,4,1,0,0
0.25,24,8,5,1,0,0
0.25,24,8,6,1,0,0
0.5,24,7,1,1,88.3690708252112,45
0.5,24,7,2,1,16,8
0.5,24,7,3,1,0,0
0.5,24,7,4,1,1,1
0.5,24,7,5,1,0,0
0.5,24,7,6,1,0,0
0.5,24,8,1,1,93.6015325670498,47
0.5,24,8,2,1,16,8
0.5,24,8,3,1,0,0
0.5,24,8,4,1,0,0
0.5,24,8,5,1,0,0
0.5,24,8,6,1,0,0
0.75,24,7,1,1,116.678939617084,88
0.75,24,7,2,1,23,18
0.75,24,7,3,1,2,2
0.75,24,7,4,1,0,0
0.75,24,7,5,1,0,0
0.75,24,7,6,1,0,0
0.75,24,8,1,1,97.0379146919431,73
0.75,24,8,2,1,25,19
0.75,24,8,3,1,0,0
0.75,24,8,4,1,0,0
0.75,24,8,5,1,0,0
0.75,24,8,6,1,0,0
0,1,9,1,1,77.502001601281,0
0,1,9,2,1,1,0
0,1,9,3,1,0,0
0,1,9,4,1,0,0
0,1,9,5,1,0,0
0,1,9,6,1,0,0
0,1,10,1,1,89.9826539462272,0
0,1,10,2,1,0,0
0,1,10,3,1,0,0
0,1,10,4,1,0,0
0,1,10,5,1,0,0
0,1,10,6,1,0,0
0.25,1,9,1,1,96.8956953642384,25
0.25,1,9,2,1,0,0
0.25,1,9,3,1,0,0
0.25,1,9,4,1,0,0
0.25,1,9,5,1,0,0
0.25,1,9,6,1,0,0
0.25,1,10,1,1,50,13
0.25,1,10,2,1,0,0
0.25,1,10,3,1,0,0
0.25,1,10,4,1,0,0
0.25,1,10,5,1,0,0
0.25,1,10,6,1,0,0
0.5,1,9,1,1,54,27
0.5,1,9,2,1,0,0
0.5,1,9,3,1,0,0
0.5,1,9,4,1,0,0
0.5,1,9,5,1,0,0
0.5,1,9,6,1,0,0
0.5,1,10,1,1,81.3454545454545,41
0.5,1,10,2,1,0,0
0.5,1,10,3,1,0,0
0.5,1,10,4,1,0,0
0.5,1,10,5,1,0,0
0.5,1,10,6,1,0,0
0.75,1,9,1,1,106.803005008347,81
0.75,1,9,2,1,0,0
0.75,1,9,3,1,0,0
0.75,1,9,4,1,0,0
0.75,1,9,5,1,0,0
0.75,1,9,6,1,0,0
0.75,1,10,1,1,64,48
0.75,1,10,2,1,0,1
0.75,1,10,3,1,0,0
0.75,1,10,4,1,0,0
0.75,1,10,5,1,0,0
0.75,1,10,6,1,0,0
0,6,9,1,1,93.8904494382023,0
0,6,9,2,1,0,0
0,6,9,3,1,0,0
0,6,9,4,1,0,0
0,6,9,5,1,0,0
0,6,9,6,1,0,0
0,6,10,1,1,63,0
0,6,10,2,1,3,0
0,6,10,3,1,1,0
0,6,10,4,1,0,0
0,6,10,5,1,0,0
0,6,10,6,1,0,0
0.25,6,9,1,1,89.3869731800766,23
0.25,6,9,2,1,0,0
0.25,6,9,3,1,0,0
0.25,6,9,4,1,0,0
0.25,6,9,5,1,0,0
0.25,6,9,6,1,0,0
0.25,6,10,1,1,92.0141620771047,24
0.25,6,10,2,1,1,1
0.25,6,10,3,1,0,0
0.25,6,10,4,1,0,0
0.25,6,10,5,1,0,0
0.25,6,10,6,1,0,0
0.5,6,9,1,1,95.4143201930813,48
0.5,6,9,2,1,15,8
0.5,6,9,3,1,0,0
0.5,6,9,4,1,0,0
0.5,6,9,5,1,0,0
0.5,6,9,6,1,0,0
0.5,6,10,1,1,61,31
0.5,6,10,2,1,0,0
0.5,6,10,3,1,0,0
0.5,6,10,4,1,0,0
0.5,6,10,5,1,0,0
0.5,6,10,6,1,0,0
0.75,6,9,1,1,76.36,58
0.75,6,9,2,1,4,3
0.75,6,9,3,1,0,0
0.75,6,9,4,1,0,0
0.75,6,9,5,1,0,0
0.75,6,9,6,1,0,0
0.75,6,10,1,1,59,45
0.75,6,10,2,1,1,1
0.75,6,10,3,1,0,0
0.75,6,10,4,1,0,0
0.75,6,10,5,1,0,0
0.75,6,10,6,1,0,0
0,24,9,1,1,95.7345971563981,0
0,24,9,2,1,21,0
0,24,9,3,1,0,0
0,24,9,4,1,0,0
0,24,9,5,1,0,0
0,24,9,6,1,0,0
0,24,10,1,1,78.2873376623377,0
0,24,10,2,1,17,0
0,24,10,3,1,1,0
0,24,10,4,1,0,0
0,24,10,5,1,0,0
0,24,10,6,1,0,0
0.25,24,9,1,1,53,14
0.25,24,9,2,1,3,1
0.25,24,9,3,1,0,0
0.25,24,9,4,1,0,0
0.25,24,9,5,1,0,0
0.25,24,9,6,1,0,0
0.25,24,10,1,1,65,17
0.25,24,10,2,1,3,1
0.25,24,10,3,1,0,0
0.25,24,10,4,1,0,0
0.25,24,10,5,1,0,0
0.25,24,10,6,1,0,0
0.5,24,9,1,1,86.6368805848903,44
0.5,24,9,2,1,0,0
0.5,24,9,3,1,0,0
0.5,24,9,4,1,0,0
0.5,24,9,5,1,0,0
0.5,24,9,6,1,0,0
0.5,24,10,1,1,71,36
0.5,24,10,2,1,11,6
0.5,24,10,3,1,0,0
0.5,24,10,4,1,0,0
0.5,24,10,5,1,0,0
0.5,24,10,6,1,0,0
0.75,24,9,1,1,66,50
0.75,24,9,2,1,0,0
0.75,24,9,3,1,0,0
0.75,24,9,4,1,0,0
0.75,24,9,5,1,0,0
0.75,24,9,6,1,0,0
0.75,24,10,1,1,62,47
0.75,24,10,2,1,3,3
0.75,24,10,3,1,0,0
0.75,24,10,4,1,0,0
0.75,24,10,5,1,0,0
0.75,24,10,6,1,0,0
0,1,1,1,2,100.56270096463,0
0,1,1,2,2,1,0
0,1,1,3,2,0,0
0,1,1,4,2,0,0
0,1,1,5,2,0,0
0,1,1,6,2,0,0
0,1,2,1,2,227.869496855346,0
0,1,2,2,2,1,0
0,1,2,3,2,0,0
0,1,2,4,2,0,0
0,1,2,5,2,0,0
0,1,2,6,2,0,0
0.25,1,1,1,2,168.931234465617,43
0.25,1,1,2,2,0,0
0.25,1,1,3,2,0,0
0.25,1,1,4,2,0,0
0.25,1,1,5,2,0,0
0.25,1,1,6,2,0,0
0.25,1,2,1,2,197.856586126267,50
0.25,1,2,2,2,9,3
0.25,1,2,3,2,0,0
0.25,1,2,4,2,0,0
0.25,1,2,5,2,0,0
0.25,1,2,6,2,0,0
0.5,1,1,1,2,59,30
0.5,1,1,2,2,0,0
0.5,1,1,3,2,0,0
0.5,1,1,4,2,0,0
0.5,1,1,5,2,0,0
0.5,1,1,6,2,0,0
0.5,1,2,1,2,97.5219824140687,49
0.5,1,2,2,2,4,2
0.5,1,2,3,2,0,0
0.5,1,2,4,2,0,0
0.5,1,2,5,2,0,0
0.5,1,2,6,2,0,0
0.75,1,1,1,2,107.241910631741,81
0.75,1,1,2,2,0,0
0.75,1,1,3,2,0,0
0.75,1,1,4,2,0,0
0.75,1,1,5,2,0,0
0.75,1,1,6,2,0,0
0.75,1,2,1,2,68,51
0.75,1,2,2,2,0,0
0.75,1,2,3,2,0,0
0.75,1,2,4,2,0,0
0.75,1,2,5,2,0,0
0.75,1,2,6,2,0,0
0,6,1,1,2,260.408326661329,0
0,6,1,2,2,3,0
0,6,1,3,2,0,0
0,6,1,4,2,0,0
0,6,1,5,2,0,0
0,6,1,6,2,0,0
0,6,2,1,2,183.193629505448,0
0,6,2,2,2,4,0
0,6,2,3,2,0,0
0,6,2,4,2,0,0
0,6,2,5,2,0,0
0,6,2,6,2,0,0
0.25,6,1,1,2,177.214684756584,45
0.25,6,1,2,2,22,6
0.25,6,1,3,2,0,0
0.25,6,1,4,2,0,0
0.25,6,1,5,2,0,0
0.25,6,1,6,2,0,0
0.25,6,2,1,2,163.482704402516,41
0.25,6,2,2,2,19,5
0.25,6,2,3,2,1,1
0.25,6,2,4,2,0,0
0.25,6,2,5,2,0,0
0.25,6,2,6,2,0,0
0.5,6,1,1,2,159.84602917342,80
0.5,6,1,2,2,2,1
0.5,6,1,3,2,0,0
0.5,6,1,4,2,0,0
0.5,6,1,5,2,0,0
0.5,6,1,6,2,0,0
0.5,6,2,1,2,136.646201074444,69
0.5,6,2,2,2,11,6
0.5,6,2,3,2,0,0
0.5,6,2,4,2,0,0
0.5,6,2,5,2,0,0
0.5,6,2,6,2,0,0
0.75,6,1,1,2,53,40
0.75,6,1,2,2,0,0
0.75,6,1,3,2,0,0
0.75,6,1,4,2,0,0
0.75,6,1,5,2,0,0
0.75,6,1,6,2,0,0
0.75,6,2,1,2,62,47
0.75,6,2,2,2,2,2
0.75,6,2,3,2,0,0
0.75,6,2,4,2,0,0
0.75,6,2,5,2,0,0
0.75,6,2,6,2,0,0
0,24,1,1,2,191.861471861472,0
0,24,1,2,2,13,0
0,24,1,3,2,0,0
0,24,1,4,2,0,0
0,24,1,5,2,0,0
0,24,1,6,2,0,0
0,24,2,1,2,174.149108589951,0
0,24,2,2,2,11,0
0,24,2,3,2,3,0
0,24,2,4,2,0,0
0,24,2,5,2,0,0
0,24,2,6,2,0,0
0.25,24,1,1,2,179.383506805444,45
0.25,24,1,2,2,31,8
0.25,24,1,3,2,4,1
0.25,24,1,4,2,0,0
0.25,24,1,5,2,0,0
0.25,24,1,6,2,0,0
0.25,24,2,1,2,86.4972200158856,22
0.25,24,2,2,2,45,12
0.25,24,2,3,2,15,4
0.25,24,2,4,2,0,0
0.25,24,2,5,2,0,0
0.25,24,2,6,2,0,0
0.5,24,1,1,2,113.628966639544,57
0.5,24,1,2,2,23,12
0.5,24,1,3,2,2,1
0.5,24,1,4,2,0,0
0.5,24,1,5,2,0,0
0.5,24,1,6,2,0,0
0.5,24,2,1,2,60,30
0.5,24,2,2,2,94.7933884297521,48
0.5,24,2,3,2,1,1
0.5,24,2,4,2,0,0
0.5,24,2,5,2,0,0
0.5,24,2,6,2,0,0
0.75,24,1,1,2,78.3422459893048,59
0.75,24,1,2,2,0,0
0.75,24,1,3,2,0,0
0.75,24,1,4,2,0,0
0.75,24,1,5,2,0,0
0.75,24,1,6,2,0,0
0.75,24,2,1,2,62,47
0.75,24,2,2,2,24,18
0.75,24,2,3,2,1,1
0.75,24,2,4,2,0,0
0.75,24,2,5,2,0,0
0.75,24,2,6,2,0,0
0,1,3,1,2,301.871880199667,0
0,1,3,2,2,4,0
0,1,3,3,2,0,0
0,1,3,4,2,0,0
0,1,3,5,2,0,0
0,1,3,6,2,0,0
0,1,4,1,2,171.598101265823,0
0,1,4,2,2,0,0
0,1,4,3,2,0,0
0,1,4,4,2,0,0
0,1,4,5,2,0,0
0,1,4,6,2,0,0
0.25,1,3,1,2,222.168284789644,56
0.25,1,3,2,2,1,1
0.25,1,3,3,2,0,0
0.25,1,3,4,2,0,0
0.25,1,3,5,2,0,0
0.25,1,3,6,2,0,0
0.25,1,4,1,2,198.75,50
0.25,1,4,2,2,0,0
0.25,1,4,3,2,0,0
0.25,1,4,4,2,0,0
0.25,1,4,5,2,0,0
0.25,1,4,6,2,0,0
0.5,1,3,1,2,115.664160401002,58
0.5,1,3,2,2,4,2
0.5,1,3,3,2,0,0
0.5,1,3,4,2,0,0
0.5,1,3,5,2,0,0
0.5,1,3,6,2,0,0
0.5,1,4,1,2,154.397394136808,78
0.5,1,4,2,2,1,1
0.5,1,4,3,2,0,0
0.5,1,4,4,2,0,0
0.5,1,4,5,2,0,0
0.5,1,4,6,2,0,0
0.75,1,3,1,2,116.483946750196,88
0.75,1,3,2,2,0,0
0.75,1,3,3,2,0,0
0.75,1,3,4,2,0,0
0.75,1,3,5,2,0,0
0.75,1,3,6,2,0,0
0.75,1,4,1,2,89.33910306845,67
0.75,1,4,2,2,1,1
0.75,1,4,3,2,0,0
0.75,1,4,4,2,0,0
0.75,1,4,5,2,0,0
0.75,1,4,6,2,0,0
0,6,3,1,2,197.034930950447,0
0,6,3,2,2,39,0
0,6,3,3,2,1,0
0,6,3,4,2,0,0
0,6,3,5,2,0,0
0,6,3,6,2,0,0
0,6,4,1,2,210.888710968775,0
0,6,4,2,2,17,0
0,6,4,3,2,0,0
0,6,4,4,2,0,0
0,6,4,5,2,0,0
0,6,4,6,2,0,0
0.25,6,3,1,2,241.489361702128,61
0.25,6,3,2,2,17,4
0.25,6,3,3,2,1,0
0.25,6,3,4,2,0,0
0.25,6,3,5,2,0,0
0.25,6,3,6,2,0,0
0.25,6,4,1,2,210.079051383399,53
0.25,6,4,2,2,1,1
0.25,6,4,3,2,0,0
0.25,6,4,4,2,0,0
0.25,6,4,5,2,0,0
0.25,6,4,6,2,0,0
0.5,6,3,1,2,20.530612244898,52
0.5,6,3,2,2,3,2
0.5,6,3,3,2,0,0
0.5,6,3,4,2,0,0
0.5,6,3,5,2,0,0
0.5,6,3,6,2,0,0
0.5,6,4,1,2,205.715460526316,103
0.5,6,4,2,2,1,1
0.5,6,4,3,2,0,0
0.5,6,4,4,2,0,0
0.5,6,4,5,2,0,0
0.5,6,4,6,2,0,0
0.75,6,3,1,2,76.7815191855912,58
0.75,6,3,2,2,2,2
0.75,6,3,3,2,0,0
0.75,6,3,4,2,0,0
0.75,6,3,5,2,0,0
0.75,6,3,6,2,0,0
0.75,6,4,1,2,94.0948275862069,71
0.75,6,4,2,2,3,3
0.75,6,4,3,2,1,1
0.75,6,4,4,2,0,0
0.75,6,4,5,2,0,0
0.75,6,4,6,2,0,0
0,24,3,1,2,108.178137651822,0
0,24,3,2,2,158.557175748273,0
0,24,3,3,2,20,0
0,24,3,4,2,1,0
0,24,3,5,2,0,0
0,24,3,6,2,0,0
0,24,4,1,2,196.826688364524,0
0,24,4,2,2,107.171635777599,0
0,24,4,3,2,6,0
0,24,4,4,2,0,0
0,24,4,5,2,0,0
0,24,4,6,2,0,0
0.25,24,3,1,2,133.921719109747,34
0.25,24,3,2,2,32,8
0.25,24,3,3,2,0,0
0.25,24,3,4,2,0,0
0.25,24,3,5,2,0,0
0.25,24,3,6,2,0,0
0.25,24,4,1,2,86.9670152855994,22
0.25,24,4,2,2,68,17
0.25,24,4,3,2,2,1
0.25,24,4,4,2,0,0
0.25,24,4,5,2,0,0
0.25,24,4,6,2,0,0
0.5,24,3,1,2,101.369356032568,51
0.5,24,3,2,2,34,17
0.5,24,3,3,2,3,2
0.5,24,3,4,2,0,0
0.5,24,3,5,2,0,0
0.5,24,3,6,2,0,0
0.5,24,4,1,2,152.147971360382,77
0.5,24,4,2,2,43,22
0.5,24,4,3,2,0,0
0.5,24,4,4,2,0,0
0.5,24,4,5,2,0,0
0.5,24,4,6,2,0,0
0.75,24,3,1,2,64,48
0.75,24,3,2,2,19,14
0.75,24,3,3,2,1,1
0.75,24,3,4,2,0,0
0.75,24,3,5,2,0,0
0.75,24,3,6,2,0,0
0.75,24,4,1,2,60,45
0.75,24,4,2,2,10,8
0.75,24,4,3,2,0,0
0.75,24,4,4,2,0,0
0.75,24,4,5,2,0,0
0.75,24,4,6,2,0,0
0,1,5,1,2,117.741935483871,0
0,1,5,2,2,1,0
0,1,5,3,2,0,0
0,1,5,4,2,0,0
0,1,5,5,2,0,0
0,1,5,6,2,0,0
0,1,6,1,2,203.87323943662,0
0,1,6,2,2,1,0
0,1,6,3,2,0,0
0,1,6,4,2,0,0
0,1,6,5,2,0,0
0,1,6,6,2,0,0
0.25,1,5,1,2,119.278033794163,30
0.25,1,5,2,2,1,1
0.25,1,5,3,2,0,0
0.25,1,5,4,2,0,0
0.25,1,5,5,2,0,0
0.25,1,5,6,2,0,0
0.25,1,6,1,2,172.926829268293,44
0.25,1,6,2,2,0,0
0.25,1,6,3,2,0,0
0.25,1,6,4,2,0,0
0.25,1,6,5,2,0,0
0.25,1,6,6,2,0,0
0.5,1,5,1,2,135.714285714286,68
0.5,1,5,2,2,0,0
0.5,1,5,3,2,0,0
0.5,1,5,4,2,0,0
0.5,1,5,5,2,0,0
0.5,1,5,6,2,0,0
0.5,1,6,1,2,114.495481927711,58
0.5,1,6,2,2,0,0
0.5,1,6,3,2,0,0
0.5,1,6,4,2,0,0
0.5,1,6,5,2,0,0
0.5,1,6,6,2,0,0
0.75,1,5,1,2,25,18
0.75,1,5,2,2,0,0
0.75,1,5,3,2,0,0
0.75,1,5,4,2,0,0
0.75,1,5,5,2,0,0
0.75,1,5,6,2,0,0
0.75,1,6,1,2,60,45
0.75,1,6,2,2,0,0
0.75,1,6,3,2,0,0
0.75,1,6,4,2,0,0
0.75,1,6,5,2,0,0
0.75,1,6,6,2,0,0
0,6,5,1,2,252.061438965238,0
0,6,5,2,2,163.549160671463,0
0,6,5,3,2,4,0
0,6,5,4,2,1,0
0,6,5,5,2,0,0
0,6,5,6,2,0,0
0,6,6,1,2,156.39127045986,0
0,6,6,2,2,1,0
0,6,6,3,2,0,0
0,6,6,4,2,0,0
0,6,6,5,2,0,0
0,6,6,6,2,0,0
0.25,6,5,1,2,126.84,32
0.25,6,5,2,2,5,1
0.25,6,5,3,2,0,0
0.25,6,5,4,2,0,0
0.25,6,5,5,2,0,0
0.25,6,5,6,2,0,0
0.25,6,6,1,2,130.386513157895,33
0.25,6,6,2,2,1,1
0.25,6,6,3,2,0,0
0.25,6,6,4,2,0,0
0.25,6,6,5,2,0,0
0.25,6,6,6,2,0,0
0.5,6,5,1,2,94.8676824378508,48
0.5,6,5,2,2,2,1
0.5,6,5,3,2,0,0
0.5,6,5,4,2,0,0
0.5,6,5,5,2,0,0
0.5,6,5,6,2,0,0
0.5,6,6,1,2,149.057344854674,75
0.5,6,6,2,2,4,2
0.5,6,6,3,2,2,1
0.5,6,6,4,2,0,0
0.5,6,6,5,2,0,0
0.5,6,6,6,2,0,0
0.75,6,5,1,2,59,44
0.75,6,5,2,2,2,1
0.75,6,5,3,2,0,0
0.75,6,5,4,2,0,0
0.75,6,5,5,2,0,0
0.75,6,5,6,2,0,0
0.75,6,6,1,2,104.2101042502,79
0.75,6,6,2,2,1,1
0.75,6,6,3,2,0,0
0.75,6,6,4,2,0,0
0.75,6,6,5,2,0,0
0.75,6,6,6,2,0,0
0,24,5,1,2,110.943695479778,0
0,24,5,2,2,78.314606741573,0
0,24,5,3,2,1,0
0,24,5,4,2,0,0
0,24,5,5,2,0,0
0,24,5,6,2,0,0
0,24,6,1,2,105.394524959742,0
0,24,6,2,2,52,0
0,24,6,3,2,1,0
0,24,6,4,2,0,0
0,24,6,5,2,0,0
0,24,6,6,2,0,0
0.25,24,5,1,2,172.706422018349,44
0.25,24,5,2,2,13,4
0.25,24,5,3,2,0,0
0.25,24,5,4,2,0,0
0.25,24,5,5,2,0,0
0.25,24,5,6,2,0,0
0.25,24,6,1,2,270.336269015212,68
0.25,24,6,2,2,24,6
0.25,24,6,3,2,0,0
0.25,24,6,4,2,0,0
0.25,24,6,5,2,0,0
0.25,24,6,6,2,0,0
0.5,24,5,1,2,58,29
0.5,24,5,2,2,12,6
0.5,24,5,3,2,0,0
0.5,24,5,4,2,0,0
0.5,24,5,5,2,0,0
0.5,24,5,6,2,0,0
0.5,24,6,1,2,91.6614615865084,46
0.5,24,6,2,2,5,3
0.5,24,6,3,2,0,0
0.5,24,6,4,2,0,0
0.5,24,6,5,2,0,0
0.5,24,6,6,2,0,0
0.75,24,5,1,2,155.3125,117
0.75,24,5,2,2,11,9
0.75,24,5,3,2,0,0
0.75,24,5,4,2,0,0
0.75,24,5,5,2,0,0
0.75,24,5,6,2,0,0
0.75,24,6,1,2,51,39
0.75,24,6,2,2,3,3
0.75,24,6,3,2,0,0
0.75,24,6,4,2,0,0
0.75,24,6,5,2,0,0
0.75,24,6,6,2,0,0
0,1,7,1,2,242.645883293365,0
0,1,7,2,2,0,0
0,1,7,3,2,0,0
0,1,7,4,2,0,0
0,1,7,5,2,0,0
0,1,7,6,2,0,0
0,1,8,1,2,205.913570887036,0
0,1,8,2,2,4,0
0,1,8,3,2,0,0
0,1,8,4,2,0,0
0,1,8,5,2,0,0
0,1,8,6,2,0,0
0.25,1,7,1,2,216.914498141264,55
0.25,1,7,2,2,2,1
0.25,1,7,3,2,0,0
0.25,1,7,4,2,0,0
0.25,1,7,5,2,0,0
0.25,1,7,6,2,0,0
0.25,1,8,1,2,255.484387510008,64
0.25,1,8,2,2,6,2
0.25,1,8,3,2,0,0
0.25,1,8,4,2,0,0
0.25,1,8,5,2,0,0
0.25,1,8,6,2,0,0
0.5,1,7,1,2,150.346687211094,76
0.5,1,7,2,2,2,1
0.5,1,7,3,2,0,0
0.5,1,7,4,2,0,0
0.5,1,7,5,2,0,0
0.5,1,7,6,2,0,0
0.5,1,8,1,2,172.630331753555,87
0.5,1,8,2,2,15,8
0.5,1,8,3,2,0,0
0.5,1,8,4,2,0,0
0.5,1,8,5,2,0,0
0.5,1,8,6,2,0,0
0.75,1,7,1,2,132.914375490966,100
0.75,1,7,2,2,0,0
0.75,1,7,3,2,0,0
0.75,1,7,4,2,0,0
0.75,1,7,5,2,0,0
0.75,1,7,6,2,0,0
0.75,1,8,1,2,96.4549483013294,73
0.75,1,8,2,2,2,2
0.75,1,8,3,2,0,0
0.75,1,8,4,2,0,0
0.75,1,8,5,2,0,0
0.75,1,8,6,2,0,0
0,6,7,1,2,251.067073170732,0
0,6,7,2,2,24,0
0,6,7,3,2,0,0
0,6,7,4,2,0,0
0,6,7,5,2,0,0
0,6,7,6,2,0,0
0,6,8,1,2,286.98347107438,0
0,6,8,2,2,18,0
0,6,8,3,2,0,0
0,6,8,4,2,0,0
0,6,8,5,2,0,0
0,6,8,6,2,0,0
0.25,6,7,1,2,158.823529411765,40
0.25,6,7,2,2,16,4
0.25,6,7,3,2,0,0
0.25,6,7,4,2,0,0
0.25,6,7,5,2,0,0
0.25,6,7,6,2,0,0
0.25,6,8,1,2,194.497228820269,49
0.25,6,8,2,2,35,8
0.25,6,8,3,2,0,0
0.25,6,8,4,2,0,0
0.25,6,8,5,2,0,0
0.25,6,8,6,2,0,0
0.5,6,7,1,2,153.579766536965,77
0.5,6,7,2,2,4,3
0.5,6,7,3,2,0,0
0.5,6,7,4,2,0,0
0.5,6,7,5,2,0,0
0.5,6,7,6,2,0,0
0.5,6,8,1,2,210.300081103001,106
0.5,6,8,2,2,14,7
0.5,6,8,3,2,0,0
0.5,6,8,4,2,0,0
0.5,6,8,5,2,0,0
0.5,6,8,6,2,0,0
0.75,6,7,1,2,151.462663587375,114
0.75,6,7,2,2,2,2
0.75,6,7,3,2,0,0
0.75,6,7,4,2,0,0
0.75,6,7,5,2,0,0
0.75,6,7,6,2,0,0
0.75,6,8,1,2,110.588657573582,83
0.75,6,8,2,2,30,23
0.75,6,8,3,2,0,0
0.75,6,8,4,2,0,0
0.75,6,8,5,2,0,0
0.75,6,8,6,2,0,0
0,24,7,1,2,146.687948922586,0
0,24,7,2,2,146.687948922586,0
0,24,7,3,2,3,0
0,24,7,4,2,0,0
0,24,7,5,2,0,0
0,24,7,6,2,0,0
0,24,8,1,2,211.035856573705,0
0,24,8,2,2,113.383637807784,0
0,24,8,3,2,18,0
0,24,8,4,2,2,0
0,24,8,5,2,0,0
0,24,8,6,2,0,0
0.25,24,7,1,2,175.6927949327,44
0.25,24,7,2,2,66,17
0.25,24,7,3,2,0,0
0.25,24,7,4,2,0,0
0.25,24,7,5,2,0,0
0.25,24,7,6,2,0,0
0.25,24,8,1,2,198.353040540541,50
0.25,24,8,2,2,47,12
0.25,24,8,3,2,1,1
0.25,24,8,4,2,0,0
0.25,24,8,5,2,0,0
0.25,24,8,6,2,0,0
0.5,24,7,1,2,135.562310030395,68
0.5,24,7,2,2,68,34
0.5,24,7,3,2,3,2
0.5,24,7,4,2,0,0
0.5,24,7,5,2,0,0
0.5,24,7,6,2,0,0
0.5,24,8,1,2,144.300314465409,73
0.5,24,8,2,2,55,28
0.5,24,8,3,2,2,1
0.5,24,8,4,2,0,0
0.5,24,8,5,2,0,0
0.5,24,8,6,2,0,0
0.75,24,7,1,2,79.8438608942513,60
0.75,24,7,2,2,61,38
0.75,24,7,3,2,0,0
0.75,24,7,4,2,0,0
0.75,24,7,5,2,0,0
0.75,24,7,6,2,0,0
0.75,24,8,1,2,112.731481481481,85
0.75,24,8,2,2,50,46
0.75,24,8,3,2,2,2
0.75,24,8,4,2,0,0
0.75,24,8,5,2,0,0
0.75,24,8,6,2,0,0
0,1,9,1,2,234.560570071259,0
0,1,9,2,2,14,0
0,1,9,3,2,0,0
0,1,9,4,2,0,0
0,1,9,5,2,0,0
0,1,9,6,2,0,0
0,1,10,1,2,185.674381484437,0
0,1,10,2,2,2,0
0,1,10,3,2,0,0
0,1,10,4,2,0,0
0,1,10,5,2,0,0
0,1,10,6,2,0,0
0.25,1,9,1,2,211.983805668016,53
0.25,1,9,2,2,0,0
0.25,1,9,3,2,0,0
0.25,1,9,4,2,1,1
0.25,1,9,5,2,0,0
0.25,1,9,6,2,0,0
0.25,1,10,1,2,101.493710691824,3
0.25,1,10,2,2,0,0
0.25,1,10,3,2,0,0
0.25,1,10,4,2,0,0
0.25,1,10,5,2,0,0
0.25,1,10,6,2,0,0
0.5,1,9,1,2,113.197026022305,57
0.5,1,9,2,2,0,0
0.5,1,9,3,2,0,0
0.5,1,9,4,2,0,0
0.5,1,9,5,2,0,0
0.5,1,9,6,2,0,0
0.5,1,10,1,2,135.668534827862,68
0.5,1,10,2,2,0,0
0.5,1,10,3,2,0,0
0.5,1,10,4,2,0,0
0.5,1,10,5,2,0,0
0.5,1,10,6,2,0,0
0.75,1,9,1,2,95.4545454545455,72
0.75,1,9,2,2,2,2
0.75,1,9,3,2,0,0
0.75,1,9,4,2,0,0
0.75,1,9,5,2,0,0
0.75,1,9,6,2,0,0
0.75,1,10,1,2,64,48
0.75,1,10,2,2,0,0
0.75,1,10,3,2,0,0
0.75,1,10,4,2,0,0
0.75,1,10,5,2,0,0
0.75,1,10,6,2,0,0
0,6,9,1,2,240.468227424749,0
0,6,9,2,2,38,0
0,6,9,3,2,0,0
0,6,9,4,2,0,0
0,6,9,5,2,0,0
0,6,9,6,2,0,0
0,6,10,1,2,219.610182975338,0
0,6,10,2,2,11,0
0,6,10,3,2,11,0
0,6,10,4,2,0,0
0,6,10,5,2,0,0
0,6,10,6,2,0,0
0.25,6,9,1,2,224.739791833467,57
0.25,6,9,2,2,2,1
0.25,6,9,3,2,0,0
0.25,6,9,4,2,0,0
0.25,6,9,5,2,0,0
0.25,6,9,6,2,0,0
0.25,6,10,1,2,206.300484652666,52
0.25,6,10,2,2,2,1
0.25,6,10,3,2,0,0
0.25,6,10,4,2,0,0
0.25,6,10,5,2,0,0
0.25,6,10,6,2,0,0
0.5,6,9,1,2,181.212381771281,91
0.5,6,9,2,2,50,25
0.5,6,9,3,2,0,0
0.5,6,9,4,2,0,0
0.5,6,9,5,2,0,0
0.5,6,9,6,2,0,0
0.5,6,10,1,2,96.9945355191257,49
0.5,6,10,2,2,2,1
0.5,6,10,3,2,0,0
0.5,6,10,4,2,0,0
0.5,6,10,5,2,0,0
0.5,6,10,6,2,0,0
0.75,6,9,1,2,92.5488599348534,70
0.75,6,9,2,2,2,2
0.75,6,9,3,2,0,0
0.75,6,9,4,2,0,0
0.75,6,9,5,2,0,0
0.75,6,9,6,2,0,0
0.75,6,10,1,2,63,47
0.75,6,10,2,2,4,3
0.75,6,10,3,2,0,0
0.75,6,10,4,2,0,0
0.75,6,10,5,2,0,0
0.75,6,10,6,2,0,0
0,24,9,1,2,206.12,0
0,24,9,2,2,120.410628019324,0
0,24,9,3,2,12,0
0,24,9,4,2,0,0
0,24,9,5,2,0,0
0,24,9,6,2,0,0
0,24,10,1,2,222.643097643098,0
0,24,10,2,2,126.879271070615,0
0,24,10,3,2,29,0
0,24,10,4,2,1,0
0,24,10,5,2,1,0
0,24,10,6,2,0,0
0.25,24,9,1,2,67,17
0.25,24,9,2,2,30,8
0.25,24,9,3,2,0,0
0.25,24,9,4,2,0,0
0.25,24,9,5,2,0,0
0.25,24,9,6,2,0,0
0.25,24,10,1,2,211.610793131643,53
0.25,24,10,2,2,31,8
0.25,24,10,3,2,0,0
0.25,24,10,4,2,0,0
0.25,24,10,5,2,0,0
0.25,24,10,6,2,0,0
0.5,24,9,1,2,122.254819782062,62
0.5,24,9,2,2,46,23
0.5,24,9,3,2,1,1
0.5,24,9,4,2,0,0
0.5,24,9,5,2,0,0
0.5,24,9,6,2,0,0
0.5,24,10,1,2,91.2386706948641,46
0.5,24,10,2,2,53,27
0.5,24,10,3,2,0,0
0.5,24,10,4,2,0,0
0.5,24,10,5,2,0,0
0.5,24,10,6,2,0,0
0.75,24,9,1,2,81.3119755911518,61
0.75,24,9,2,2,8,6
0.75,24,9,3,2,0,0
0.75,24,9,4,2,0,0
0.75,24,9,5,2,0,0
0.75,24,9,6,2,0,0
0.75,24,10,1,2,38,29
0.75,24,10,2,2,0,0
0.75,24,10,3,2,0,0
0.75,24,10,4,2,0,0
0.75,24,10,5,2,0,0
0.75,24,10,6,2,0,0
0,1,1,1,3,246.233443708609,0
0,1,1,2,3,2,0
0,1,1,3,3,0,0
0,1,1,4,3,0,0
0,1,1,5,3,0,0
0,1,1,6,3,0,0
0,1,2,1,3,331.776859504132,0
0,1,2,2,3,7,0
0,1,2,3,3,0,0
0,1,2,4,3,0,0
0,1,2,5,3,0,0
0,1,2,6,3,0,0
0.25,1,1,1,3,247.061365600691,62
0.25,1,1,2,3,4,1
0.25,1,1,3,3,0,0
0.25,1,1,4,3,0,0
0.25,1,1,5,3,0,0
0.25,1,1,6,3,0,0
0.25,1,2,1,3,297.509578544061,75
0.25,1,2,2,3,46,12
0.25,1,2,3,3,0,0
0.25,1,2,4,3,0,0
0.25,1,2,5,3,0,0
0.25,1,2,6,3,0,0
0.5,1,1,1,3,56,28
0.5,1,1,2,3,0,0
0.5,1,1,3,3,0,0
0.5,1,1,4,3,0,0
0.5,1,1,5,3,0,0
0.5,1,1,6,3,0,0
0.5,1,2,1,3,156.320968962907,79
0.5,1,2,2,3,11,6
0.5,1,2,3,3,0,0
0.5,1,2,4,3,0,0
0.5,1,2,5,3,0,0
0.5,1,2,6,3,0,0
0.75,1,1,1,3,105.829596412556,80
0.75,1,1,2,3,0,0
0.75,1,1,3,3,0,0
0.75,1,1,4,3,0,0
0.75,1,1,5,3,0,0
0.75,1,1,6,3,0,0
0.75,1,2,1,3,72,54
0.75,1,2,2,3,1,1
0.75,1,2,3,3,0,0
0.75,1,2,4,3,0,0
0.75,1,2,5,3,0,0
0.75,1,2,6,3,0,0
0,6,1,1,3,161.829268292683,0
0,6,1,2,3,22,0
0,6,1,3,3,1,0
0,6,1,4,3,0,0
0,6,1,5,3,0,0
0,6,1,6,3,0,0
0,6,2,1,3,306.849876948318,0
0,6,2,2,3,35,0
0,6,2,3,3,0,0
0,6,2,4,3,0,0
0,6,2,5,3,0,0
0,6,2,6,3,0,0
0.25,6,1,1,3,243.008130081301,61
0.25,6,1,2,3,56.8642745709828,15
0.25,6,1,3,3,4,1
0.25,6,1,4,3,0,0
0.25,6,1,5,3,0,0
0.25,6,1,6,3,0,0
0.25,6,2,1,3,257.183441558442,65
0.25,6,2,2,3,65,17
0.25,6,2,3,3,1,1
0.25,6,2,4,3,0,0
0.25,6,2,5,3,0,0
0.25,6,2,6,3,0,0
0.5,6,1,1,3,166.911165444173,84
0.5,6,1,2,3,2,1
0.5,6,1,3,3,0,0
0.5,6,1,4,3,0,0
0.5,6,1,5,3,0,0
0.5,6,1,6,3,0,0
0.5,6,2,1,3,189.467501957713,95
0.5,6,2,2,3,33,17
0.5,6,2,3,3,0,0
0.5,6,2,4,3,0,0
0.5,6,2,5,3,0,0
0.5,6,2,6,3,0,0
0.75,6,1,1,3,38,29
0.75,6,1,2,3,4,3
0.75,6,1,3,3,0,0
0.75,6,1,4,3,0,0
0.75,6,1,5,3,0,0
0.75,6,1,6,3,0,0
0.75,6,2,1,3,29,22
0.75,6,2,2,3,1,1
0.75,6,2,3,3,0,0
0.75,6,2,4,3,0,0
0.75,6,2,5,3,0,0
0.75,6,2,6,3,2,2
0,24,1,1,3,297.684036393714,0
0,24,1,2,3,69,0
0,24,1,3,3,0,0
0,24,1,4,3,0,0
0,24,1,5,3,0,0
0,24,1,6,3,0,0
0,24,2,1,3,202.297410192147,0
0,24,2,2,3,125.747776879547,0
0,24,2,3,3,36,0
0,24,2,4,3,1,0
0,24,2,5,3,0,0
0,24,2,6,3,0,0
0.25,24,1,1,3,290.533778148457,73
0.25,24,1,2,3,124.437548487199,32
0.25,24,1,3,3,52,13
0.25,24,1,4,3,3,1
0.25,24,1,5,3,0,0
0.25,24,1,6,3,0,0
0.25,24,2,1,3,126.721439749609,32
0.25,24,2,2,3,114.992088607595,29
0.25,24,2,3,3,32,8
0.25,24,2,4,3,1,1
0.25,24,2,5,3,0,0
0.25,24,2,6,3,0,0
0.5,24,1,1,3,125.94262295082,63
0.5,24,1,2,3,39,20
0.5,24,1,3,3,4,2
0.5,24,1,4,3,0,0
0.5,24,1,5,3,0,0
0.5,24,1,6,3,0,0
0.5,24,2,1,3,94.8512585812357,48
0.5,24,2,2,3,107.252215954875,54
0.5,24,2,3,3,14,7
0.5,24,2,4,3,0,0
0.5,24,2,5,3,0,0
0.5,24,2,6,3,0,0
0.75,24,1,1,3,44,33
0.75,24,1,2,3,4,3
0.75,24,1,3,3,0,0
0.75,24,1,4,3,0,0
0.75,24,1,5,3,0,0
0.75,24,1,6,3,1,1
0.75,24,2,1,3,56,42
0.75,24,2,2,3,22,17
0.75,24,2,3,3,0,0
0.75,24,2,4,3,0,0
0.75,24,2,5,3,0,0
0.75,24,2,6,3,0,0
0,1,3,1,3,399.533502968617,0
0,1,3,2,3,13,0
0,1,3,3,3,0,0
0,1,3,4,3,0,0
0,1,3,5,3,0,0
0,1,3,6,3,3,0
0,1,4,1,3,344.348184818482,0
0,1,4,2,3,11,0
0,1,4,3,3,0,0
0,1,4,4,3,0,0
0,1,4,5,3,0,0
0,1,4,6,3,0,0
0.25,1,3,1,3,319.886363636364,80
0.25,1,3,2,3,7,2
0.25,1,3,3,3,0,0
0.25,1,3,4,3,0,0
0.25,1,3,5,3,0,0
0.25,1,3,6,3,0,0
0.25,1,4,1,3,303.054662379421,76
0.25,1,4,2,3,4,1
0.25,1,4,3,3,0,0
0.25,1,4,4,3,0,0
0.25,1,4,5,3,0,0
0.25,1,4,6,3,0,0
0.5,1,3,1,3,175.478927203065,88
0.5,1,3,2,3,39,20
0.5,1,3,3,3,0,0
0.5,1,3,4,3,0,0
0.5,1,3,5,3,0,0
0.5,1,3,6,3,0,0
0.5,1,4,1,3,234.076682316119,92
0.5,1,4,2,3,1,1
0.5,1,4,3,3,0,0
0.5,1,4,4,3,0,0
0.5,1,4,5,3,0,0
0.5,1,4,6,3,0,0
0.75,1,3,1,3,119.899536321484,67
0.75,1,3,2,3,2,2
0.75,1,3,3,3,0,0
0.75,1,3,4,3,0,0
0.75,1,3,5,3,0,0
0.75,1,3,6,3,0,0
0.75,1,4,1,3,87.4235474006116,0
0.75,1,4,2,3,2,2
0.75,1,4,3,3,0,0
0.75,1,4,4,3,0,0
0.75,1,4,5,3,0,0
0.75,1,4,6,3,0,0
0,6,3,1,3,285.979049153908,0
0,6,3,2,3,133.784860557769,0
0,6,3,3,3,18,0
0,6,3,4,3,0,0
0,6,3,5,3,0,0
0,6,3,6,3,1,0
0,6,4,1,3,282.678132678133,0
0,6,4,2,3,99.2,0
0,6,4,3,3,3,0
0,6,4,4,3,0,0
0,6,4,5,3,0,0
0,6,4,6,3,0,0
0.25,6,3,1,3,355.183673469388,89
0.25,6,3,2,3,45,12
0.25,6,3,3,3,5,2
0.25,6,3,4,3,0,0
0.25,6,3,5,3,0,0
0.25,6,3,6,3,0,0
0.25,6,4,1,3,326.149425287356,82
0.25,6,4,2,3,13,4
0.25,6,4,3,3,0,0
0.25,6,4,4,3,0,0
0.25,6,4,5,3,0,0
0.25,6,4,6,3,0,0
0.5,6,3,1,3,150.080710250202,76
0.5,6,3,2,3,11,6
0.5,6,3,3,3,0,0
0.5,6,3,4,3,0,0
0.5,6,3,5,3,0,0
0.5,6,3,6,3,0,0
0.5,6,4,1,3,225.120967741935,113
0.5,6,4,2,3,6,3
0.5,6,4,3,3,0,0
0.5,6,4,4,3,0,0
0.5,6,4,5,3,0,0
0.5,6,4,6,3,0,0
0.75,6,3,1,3,50,38
0.75,6,3,2,3,1,1
0.75,6,3,3,3,0,0
0.75,6,3,4,3,0,0
0.75,6,3,5,3,0,0
0.75,6,3,6,3,0,0
0.75,6,4,1,3,107.737169517885,81
0.75,6,4,2,3,0,0
0.75,6,4,3,3,0,0
0.75,6,4,4,3,0,0
0.75,6,4,5,3,0,0
0.75,6,4,6,3,0,0
0,24,3,1,3,263.681592039801,0
0,24,3,2,3,146.232339089482,0
0,24,3,3,3,140.642799023596,0
0,24,3,4,3,43,0
0,24,3,5,3,0,0
0,24,3,6,3,0,0
0,24,4,1,3,315.472312703583,0
0,24,4,2,3,190.053970701619,0
0,24,4,3,3,106.205164992826,0
0,24,4,4,3,0,0
0,24,4,5,3,0,0
0,24,4,6,3,0,0
0.25,24,3,1,3,214.393368500377,54
0.25,24,3,2,3,97.7549467275495,25
0.25,24,3,3,3,28,7
0.25,24,3,4,3,1,10
0.25,24,3,5,3,0,0
0.25,24,3,6,3,0,0
0.25,24,4,1,3,161.884961884962,41
0.25,24,4,2,3,155.273752012882,39
0.25,24,4,3,3,60,15
0.25,24,4,4,3,1,1
0.25,24,4,5,3,0,0
0.25,24,4,6,3,0,0
0.5,24,3,1,3,115.052552552553,58
0.5,24,3,2,3,98.2540861812779,50
0.5,24,3,3,3,16,8
0.5,24,3,4,3,0,0
0.5,24,3,5,3,0,0
0.5,24,3,6,3,0,0
0.5,24,4,1,3,130.535279805353,66
0.5,24,4,2,3,120.547945205479,61
0.5,24,4,3,3,20,10
0.5,24,4,4,3,0,0
0.5,24,4,5,3,0,0
0.5,24,4,6,3,0,0
0.75,24,3,1,3,40,30
0.75,24,3,2,3,34,26
0.75,24,3,3,3,0,0
0.75,24,3,4,3,0,0
0.75,24,3,5,3,0,0
0.75,24,3,6,3,0,0
0.75,24,4,1,3,54,41
0.75,24,4,2,3,24,18
0.75,24,4,3,3,0,0
0.75,24,4,4,3,0,0
0.75,24,4,5,3,0,0
0.75,24,4,6,3,0,0
0,1,5,1,3,189.680685358255,0
0,1,5,2,3,0,0
0,1,5,3,3,0,0
0,1,5,4,3,0,0
0,1,5,5,3,0,0
0,1,5,6,3,0,0
0,1,6,1,3,324.101307189543,0
0,1,6,2,3,28,0
0,1,6,3,3,0,0
0,1,6,4,3,0,0
0,1,6,5,3,0,0
0,1,6,6,3,0,0
0.25,1,5,1,3,248.672566371681,63
0.25,1,5,2,3,0,0
0.25,1,5,3,3,0,0
0.25,1,5,4,3,0,0
0.25,1,5,5,3,0,0
0.25,1,5,6,3,0,0
0.25,1,6,1,3,208.964143426295,53
0.25,1,6,2,3,0,0
0.25,1,6,3,3,0,0
0.25,1,6,4,3,0,0
0.25,1,6,5,3,0,0
0.25,1,6,6,3,0,0
0.5,1,5,1,3,151.983218916857,77
0.5,1,5,2,3,0,0
0.5,1,5,3,3,0,0
0.5,1,5,4,3,0,0
0.5,1,5,5,3,0,0
0.5,1,5,6,3,0,0
0.5,1,6,1,3,177.725856697819,89
0.5,1,6,2,3,18,1
0.5,1,6,3,3,1,0
0.5,1,6,4,3,0,0
0.5,1,6,5,3,0,0
0.5,1,6,6,3,0,0
0.75,1,5,1,3,30,23
0.75,1,5,2,3,0,0
0.75,1,5,3,3,0,0
0.75,1,5,4,3,0,0
0.75,1,5,5,3,0,0
0.75,1,5,6,3,0,0
0.75,1,6,1,3,50,38
0.75,1,6,2,3,4,3
0.75,1,6,3,3,0,0
0.75,1,6,4,3,0,0
0.75,1,6,5,3,0,0
0.75,1,6,6,3,0,0
0,6,5,1,3,270.271416454623,0
0,6,5,2,3,361.409395973154,0
0,6,5,3,3,93.2716568544996,0
0,6,5,4,3,1,0
0,6,5,5,3,0,0
0,6,5,6,3,0,0
0,6,6,1,3,294.426623897354,0
0,6,6,2,3,54,0
0,6,6,3,3,0,0
0,6,6,4,3,0,0
0,6,6,5,3,0,0
0,6,6,6,3,0,0
0.25,6,5,1,3,206.191222570533,52
0.25,6,5,2,3,27,7
0.25,6,5,3,3,0,0
0.25,6,5,4,3,0,0
0.25,6,5,5,3,0,0
0.25,6,5,6,3,0,0
0.25,6,6,1,3,188.401861908456,48
0.25,6,6,2,3,0,0
0.25,6,6,3,3,1,1
0.25,6,6,4,3,0,0
0.25,6,6,5,3,0,0
0.25,6,6,6,3,0,0
0.5,6,5,1,3,153.084040092521,77
0.5,6,5,2,3,12,6
0.5,6,5,3,3,0,0
0.5,6,5,4,3,0,0
0.5,6,5,5,3,0,0
0.5,6,5,6,3,0,0
0.5,6,6,1,3,199.728260869565,100
0.5,6,6,2,3,36,18
0.5,6,6,3,3,15,8
0.5,6,6,4,3,0,0
0.5,6,6,5,3,0,0
0.5,6,6,6,3,0,0
0.75,6,5,1,3,103.513513513514,78
0.75,6,5,2,3,0,0
0.75,6,5,3,3,0,0
0.75,6,5,4,3,0,0
0.75,6,5,5,3,0,0
0.75,6,5,6,3,0,0
0.75,6,6,1,3,63,48
0.75,6,6,2,3,8,6
0.75,6,6,3,3,2,2
0.75,6,6,4,3,0,0
0.75,6,6,5,3,0,0
0.75,6,6,6,3,0,0
0,24,5,1,3,253.154952076677,0
0,24,5,2,3,138.095238095238,0
0,24,5,3,3,57,0
0,24,5,4,3,1,0
0,24,5,5,3,0,0
0,24,5,6,3,0,0
0,24,6,1,3,250.963020030817,0
0,24,6,2,3,127.876447876448,0
0,24,6,3,3,75,0
0,24,6,4,3,1,0
0,24,6,5,3,0,0
0,24,6,6,3,0,0
0.25,24,5,1,3,248.477366255144,63
0.25,24,5,2,3,80.7844690966719,21
0.25,24,5,3,3,4,1
0.25,24,5,4,3,0,0
0.25,24,5,5,3,0,0
0.25,24,5,6,3,0,0
0.25,24,6,1,3,274.2983159583,69
0.25,24,6,2,3,135.408406026963,34
0.25,24,6,3,3,0,0
0.25,24,6,4,3,0,0
0.25,24,6,5,3,0,0
0.25,24,6,6,3,0,0
0.5,24,5,1,3,103.477588871716,52
0.5,24,5,2,3,64,32
0.5,24,5,3,3,3,2
0.5,24,5,4,3,0,0
0.5,24,5,5,3,0,0
0.5,24,5,6,3,0,0
0.5,24,6,1,3,163.615560640732,82
0.5,24,6,2,3,0,0
0.5,24,6,3,3,0,0
0.5,24,6,4,3,0,0
0.5,24,6,5,3,0,0
0.5,24,6,6,3,0,0
0.75,24,5,1,3,75,57
0.75,24,5,2,3,33,24
0.75,24,5,3,3,0,0
0.75,24,5,4,3,0,0
0.75,24,5,5,3,0,0
0.75,24,5,6,3,0,0
0.75,24,6,1,3,33,24
0.75,24,6,2,3,0,0
0.75,24,6,3,3,0,0
0.75,24,6,4,3,0,0
0.75,24,6,5,3,0,0
0.75,24,6,6,3,0,0
0,1,7,1,3,358.206429780034,0
0,1,7,2,3,1,0
0,1,7,3,3,0,0
0,1,7,4,3,0,0
0,1,7,5,3,0,0
0,1,7,6,3,0,0
0,1,8,1,3,321.622701838529,0
0,1,8,2,3,48,0
0,1,8,3,3,0,0
0,1,8,4,3,0,0
0,1,8,5,3,0,0
0,1,8,6,3,0,0
0.25,1,7,1,3,282.704918032787,71
0.25,1,7,2,3,15,4
0.25,1,7,3,3,1,0
0.25,1,7,4,3,0,0
0.25,1,7,5,3,0,0
0.25,1,7,6,3,0,0
0.25,1,8,1,3,313.42082980525,79
0.25,1,8,2,3,23,6
0.25,1,8,3,3,0,0
0.25,1,8,4,3,0,0
0.25,1,8,5,3,0,0
0.25,1,8,6,3,0,0
0.5,1,7,1,3,259.480723839496,130
0.5,1,7,2,3,4,2
0.5,1,7,3,3,0,0
0.5,1,7,4,3,0,0
0.5,1,7,5,3,0,0
0.5,1,7,6,3,0,0
0.5,1,8,1,3,224.67845659164,113
0.5,1,8,2,3,57,29
0.5,1,8,3,3,0,0
0.5,1,8,4,3,0,0
0.5,1,8,5,3,0,0
0.5,1,8,6,3,0,0
0.75,1,7,1,3,112.94608959757,85
0.75,1,7,2,3,0,0
0.75,1,7,3,3,0,0
0.75,1,7,4,3,0,0
0.75,1,7,5,3,0,0
0.75,1,7,6,3,0,0
0.75,1,8,1,3,99.8806682577566,75
0.75,1,8,2,3,2,2
0.75,1,8,3,3,0,0
0.75,1,8,4,3,0,0
0.75,1,8,5,3,0,0
0.75,1,8,6,3,0,0
0,6,7,1,3,304.052901023891,0
0,6,7,2,3,77.959028831563,0
0,6,7,3,3,0,0
0,6,7,4,3,0,0
0,6,7,5,3,0,0
0,6,7,6,3,0,0
0,6,8,1,3,370.033955857385,0
0,6,8,2,3,69,0
0,6,8,3,3,2,0
0,6,8,4,3,0,0
0,6,8,5,3,0,0
0,6,8,6,3,0,0
0.25,6,7,1,3,290.200166805671,73
0.25,6,7,2,3,103.925455987312,26
0.25,6,7,3,3,7,2
0.25,6,7,4,3,0,0
0.25,6,7,5,3,1,1
0.25,6,7,6,3,0,0
0.25,6,8,1,3,279.666958808063,71
0.25,6,8,2,3,107.036163522013,27
0.25,6,8,3,3,5,2
0.25,6,8,4,3,0,0
0.25,6,8,5,3,0,0
0.25,6,8,6,3,0,0
0.5,6,7,1,3,158.530612244898,80
0.5,6,7,2,3,43,22
0.5,6,7,3,3,1,1
0.5,6,7,4,3,0,0
0.5,6,7,5,3,0,0
0.5,6,7,6,3,0,0
0.5,6,8,1,3,219.147005444646,110
0.5,6,8,2,3,21,11
0.5,6,8,3,3,0,0
0.5,6,8,4,3,0,0
0.5,6,8,5,3,0,0
0.5,6,8,6,3,0,0
0.75,6,7,1,3,153.718674211803,116
0.75,6,7,2,3,3,3
0.75,6,7,3,3,0,0
0.75,6,7,4,3,0,0
0.75,6,7,5,3,0,0
0.75,6,7,6,3,0,0
0.75,6,8,1,3,87.8610108303249,66
0.75,6,8,2,3,62,47
0.75,6,8,3,3,2,2
0.75,6,8,4,3,0,0
0.75,6,8,5,3,0,0
0.75,6,8,6,3,0,0
0,24,7,1,3,284.3359375,0
0,24,7,2,3,239.767649687221,0
0,24,7,3,3,81.5938511326861,0
0,24,7,4,3,2,0
0,24,7,5,3,0,0
0,24,7,6,3,0,0
0,24,8,1,3,245.469940728196,0
0,24,8,2,3,206.534325889165,0
0,24,8,3,3,127.751004016064,0
0,24,8,4,3,57,0
0,24,8,5,3,0,0
0,24,8,6,3,0,0
0.25,24,7,1,3,232.970451010886,59
0.25,24,7,2,3,157.400306748466,40
0.25,24,7,3,3,11,3
0.25,24,7,4,3,3,1
0.25,24,7,5,3,0,0
0.25,24,7,6,3,0,0
0.25,24,8,1,3,202.398081534772,51
0.25,24,8,2,3,208.435582822086,53
0.25,24,8,3,3,18,5
0.25,24,8,4,3,0,0
0.25,24,8,5,3,0,0
0.25,24,8,6,3,0,0
0.5,24,7,1,3,116.232771822358,59
0.5,24,7,2,3,151.2734082397,76
0.5,24,7,3,3,5,3
0.5,24,7,4,3,0,0
0.5,24,7,5,3,0,0
0.5,24,7,6,3,0,0
0.5,24,8,1,3,149.03549382716,75
0.5,24,8,2,3,85.5195283714075,43
0.5,24,8,3,3,20,10
0.5,24,8,4,3,1,1
0.5,24,8,5,3,0,0
0.5,24,8,6,3,0,0
0.75,24,7,1,3,75,56
0.75,24,7,2,3,37,28
0.75,24,7,3,3,13,10
0.75,24,7,4,3,0,0
0.75,24,7,5,3,0,0
0.75,24,7,6,3,0,0
0.75,24,8,1,3,108.778625954198,82
0.75,24,8,2,3,70,53
0.75,24,8,3,3,2,2
0.75,24,8,4,3,0,0
0.75,24,8,5,3,0,0
0.75,24,8,6,3,0,0
0,1,9,1,3,335.745047372954,0
0,1,9,2,3,51,0
0,1,9,3,3,0,0
0,1,9,4,3,0,0
0,1,9,5,3,0,0
0,1,9,6,3,0,0
0,1,10,1,3,284.857142857143,0
0,1,10,2,3,6,0
0,1,10,3,3,0,0
0,1,10,4,3,0,0
0,1,10,5,3,0,0
0,1,10,6,3,0,0
0.25,1,9,1,3,267.80147662018,67
0.25,1,9,2,3,1,1
0.25,1,9,3,3,0,0
0.25,1,9,4,3,0,0
0.25,1,9,5,3,0,0
0.25,1,9,6,3,0,0
0.25,1,10,1,3,198.468185388845,50
0.25,1,10,2,3,1,1
0.25,1,10,3,3,0,0
0.25,1,10,4,3,0,0
0.25,1,10,5,3,0,0
0.25,1,10,6,3,0,0
0.5,1,9,1,3,137.411487018096,69
0.5,1,9,2,3,1,1
0.5,1,9,3,3,0,0
0.5,1,9,4,3,0,0
0.5,1,9,5,3,0,0
0.5,1,9,6,3,0,0
0.5,1,10,1,3,194.632991318074,98
0.5,1,10,2,3,0,0
0.5,1,10,3,3,0,0
0.5,1,10,4,3,0,0
0.5,1,10,5,3,0,0
0.5,1,10,6,3,0,0
0.75,1,9,1,3,77.2553516819572,58
0.75,1,9,2,3,0,0
0.75,1,9,3,3,0,0
0.75,1,9,4,3,0,0
0.75,1,9,5,3,0,0
0.75,1,9,6,3,0,0
0.75,1,10,1,3,47,36
0.75,1,10,2,3,0,0
0.75,1,10,3,3,0,0
0.75,1,10,4,3,0,0
0.75,1,10,5,3,0,0
0.75,1,10,6,3,0,0
0,6,9,1,3,280.125,0
0,6,9,2,3,159.21926910299,0
0,6,9,3,3,3,0
0,6,9,4,3,0,0
0,6,9,5,3,0,0
0,6,9,6,3,0,0
0,6,10,1,3,311.255230125523,0
0,6,10,2,3,96.1568024596464,0
0,6,10,3,3,48,0
0,6,10,4,3,1,0
0,6,10,5,3,0,0
0,6,10,6,3,0,0
0.25,6,9,1,3,306.864406779661,77
0.25,6,9,2,3,8,2
0.25,6,9,3,3,0,0
0.25,6,9,4,3,0,0
0.25,6,9,5,3,0,0
0.25,6,9,6,3,0,0
0.25,6,10,1,3,271.161657189277,68
0.25,6,10,2,3,1,1
0.25,6,10,3,3,0,0
0.25,6,10,4,3,0,0
0.25,6,10,5,3,0,0
0.25,6,10,6,3,0,0
0.5,6,9,1,3,188.12,95
0.5,6,9,2,3,70,35
0.5,6,9,3,3,4,2
0.5,6,9,4,3,0,0
0.5,6,9,5,3,0,0
0.5,6,9,6,3,0,0
0.5,6,10,1,3,149.105754276827,75
0.5,6,10,2,3,126.691419141914,64
0.5,6,10,3,3,8,4
0.5,6,10,4,3,0,0
0.5,6,10,5,3,0,0
0.5,6,10,6,3,0,0
0.75,6,9,1,3,70,53
0.75,6,9,2,3,4,3
0.75,6,9,3,3,0,0
0.75,6,9,4,3,0,0
0.75,6,9,5,3,0,0
0.75,6,9,6,3,0,0
0.75,6,10,1,3,74,56
0.75,6,10,2,3,3,3
0.75,6,10,3,3,0,0
0.75,6,10,4,3,0,0
0.75,6,10,5,3,0,0
0.75,6,10,6,3,0,0
0,24,9,1,3,314.102564102564,0
0,24,9,2,3,195.939294503692,0
0,24,9,3,3,60,0
0,24,9,4,3,4,0
0,24,9,5,3,0,0
0,24,9,6,3,0,0
0,24,10,1,3,250.151057401813,0
0,24,10,2,3,257.628524046434,0
0,24,10,3,3,92.1960784313726,0
0,24,10,4,3,10,0
0,24,10,5,3,0,0
0,24,10,6,3,0,0
0.25,24,9,1,3,172.596899224806,44
0.25,24,9,2,3,120.864505403159,22
0.25,24,9,3,3,11,3
0.25,24,9,4,3,0,0
0.25,24,9,5,3,0,0
0.25,24,9,6,3,0,0
0.25,24,10,1,3,237.171052631579,60
0.25,24,10,2,3,152.929210740439,39
0.25,24,10,3,3,4,1
0.25,24,10,4,3,0,0
0.25,24,10,5,3,0,0
0.25,24,10,6,3,0,0
0.5,24,9,1,3,187.645590682196,94
0.5,24,9,2,3,141.468253968254,71
0.5,24,9,3,3,6,3
0.5,24,9,4,3,0,0
0.5,24,9,5,3,0,0
0.5,24,9,6,3,0,0
0.5,24,10,1,3,122.399068322981,62
0.5,24,10,2,3,107.744783306581,54
0.5,24,10,3,3,0,0
0.5,24,10,4,3,0,0
0.5,24,10,5,3,0,0
0.5,24,10,6,3,0,0
0.75,24,9,1,3,45,34
0.75,24,9,2,3,7,6
0.75,24,9,3,3,0,0
0.75,24,9,4,3,0,0
0.75,24,9,5,3,0,0
0.75,24,9,6,3,0,0
0.75,24,10,1,3,37,28
0.75,24,10,2,3,2,2
0.75,24,10,3,3,0,0
0.75,24,10,4,3,0,0
0.75,24,10,5,3,0,0
0.75,24,10,6,3,0,0
0,1,1,1,4,275.792630676949,0
0,1,1,2,4,9,0
0,1,1,3,4,0,0
0,1,1,4,4,0,0
0,1,1,5,4,0,0
0,1,1,6,4,0,0
0,1,2,1,4,192.391304347826,0
0,1,2,2,4,54,0
0,1,2,3,4,0,0
0,1,2,4,4,0,0
0,1,2,5,4,0,0
0,1,2,6,4,0,0
0.25,1,1,1,4,278.404512489927,70
0.25,1,1,2,4,34,9
0.25,1,1,3,4,0,0
0.25,1,1,4,4,0,0
0.25,1,1,5,4,0,0
0.25,1,1,6,4,0,0
0.25,1,2,1,4,328.217821782178,83
0.25,1,2,2,4,128.721682847896,33
0.25,1,2,3,4,0,0
0.25,1,2,4,4,0,0
0.25,1,2,5,4,1,1
0.25,1,2,6,4,0,0
0.5,1,1,1,4,92.2854785478548,47
0.5,1,1,2,4,0,0
0.5,1,1,3,4,0,0
0.5,1,1,4,4,0,0
0.5,1,1,5,4,0,0
0.5,1,1,6,4,0,0
0.5,1,2,1,4,185.094962840628,93
0.5,1,2,2,4,18,9
0.5,1,2,3,4,0,0
0.5,1,2,4,4,0,0
0.5,1,2,5,4,1,1
0.5,1,2,6,4,0,0
0.75,1,1,1,4,70,53
0.75,1,1,2,4,3,3
0.75,1,1,3,4,0,0
0.75,1,1,4,4,0,0
0.75,1,1,5,4,0,0
0.75,1,1,6,4,0,0
0.75,1,2,1,4,65,49
0.75,1,2,2,4,0,0
0.75,1,2,3,4,0,0
0.75,1,2,4,4,0,0
0.75,1,2,5,4,0,0
0.75,1,2,6,4,0,0
0,6,1,1,4,291.680129240711,0
0,6,1,2,4,58,0
0,6,1,3,4,0,0
0,6,1,4,4,0,0
0,6,1,5,4,0,0
0,6,1,6,4,0,0
0,6,2,1,4,306.158484065461,0
0,6,2,2,4,81.7262830482115,0
0,6,2,3,4,1,0
0,6,2,4,4,0,0
0,6,2,5,4,0,0
0,6,2,6,4,0,0
0.25,6,1,1,4,261.029411764706,66
0.25,6,1,2,4,117.167207792208,30
0.25,6,1,3,4,11,3
0.25,6,1,4,4,0,0
0.25,6,1,5,4,0,0
0.25,6,1,6,4,0,0
0.25,6,2,1,4,312.156357388316,79
0.25,6,2,2,4,183.161068044789,46
0.25,6,2,3,4,2,1
0.25,6,2,4,4,0,0
0.25,6,2,5,4,0,0
0.25,6,2,6,4,0,0
0.5,6,1,1,4,167.604501607717,85
0.5,6,1,2,4,5,3
0.5,6,1,3,4,0,0
0.5,6,1,4,4,0,0
0.5,6,1,5,4,0,0
0.5,6,1,6,4,0,0
0.5,6,2,1,4,197.634322373697,99
0.5,6,2,2,4,134.025058731402,67
0.5,6,2,3,4,2,1
0.5,6,2,4,4,0,0
0.5,6,2,5,4,0,0
0.5,6,2,6,4,0,0
0.75,6,1,1,4,13,10
0.75,6,1,2,4,0,0
0.75,6,1,3,4,0,0
0.75,6,1,4,4,0,0
0.75,6,1,5,4,0,0
0.75,6,1,6,4,0,0
0.75,6,2,1,4,14,11
0.75,6,2,2,4,0,0
0.75,6,2,3,4,0,0
0.75,6,2,4,4,0,0
0.75,6,2,5,4,0,0
0.75,6,2,6,4,0,0
0,24,1,1,4,238.345558272209,0
0,24,1,2,4,193.765084473049,0
0,24,1,3,4,64.1673243883188,0
0,24,1,4,4,4,0
0,24,1,5,4,2,0
0,24,1,6,4,0,0
0,24,2,1,4,329.450915141431,0
0,24,2,2,4,245.484672742336,0
0,24,2,3,4,125.635767022149,0
0,24,2,4,4,72,0
0,24,2,5,4,0,0
0,24,2,6,4,0,0
0.25,24,1,1,4,285.390428211587,72
0.25,24,1,2,4,210.758965804837,53
0.25,24,1,3,4,96.023198011599,25
0.25,24,1,4,4,31,8
0.25,24,1,5,4,0,0
0.25,24,1,6,4,0,0
0.25,24,2,1,4,258.236272878536,65
0.25,24,2,2,4,164.676616915423,42
0.25,24,2,3,4,99.4271685761047,25
0.25,24,2,4,4,9,3
0.25,24,2,5,4,2,1
0.25,24,2,6,4,0,0
0.5,24,1,1,4,97.9671618451915,49
0.5,24,1,2,4,75,38
0.5,24,1,3,4,21,11
0.5,24,1,4,4,0,0
0.5,24,1,5,4,0,0
0.5,24,1,6,4,0,0
0.5,24,2,1,4,143.826687116564,72
0.5,24,2,2,4,96.8586387434555,49
0.5,24,2,3,4,53,27
0.5,24,2,4,4,5,3
0.5,24,2,5,4,1,1
0.5,24,2,6,4,0,0
0.75,24,1,1,4,42,32
0.75,24,1,2,4,5,4
0.75,24,1,3,4,0,0
0.75,24,1,4,4,0,0
0.75,24,1,5,4,0,0
0.75,24,1,6,4,0,0
0.75,24,2,1,4,61.6780045351474,47
0.75,24,2,2,4,13,10
0.75,24,2,3,4,3,3
0.75,24,2,4,4,0,0
0.75,24,2,5,4,0,0
0.75,24,2,6,4,0,0
0,1,3,1,4,409.750462107209,0
0,1,3,2,4,39,0
0,1,3,3,4,0,0
0,1,3,4,4,0,0
0,1,3,5,4,0,0
0,1,3,6,4,0,0
0,1,4,1,4,421.86329588015,0
0,1,4,2,4,45,0
0,1,4,3,4,1,0
0,1,4,4,4,0,0
0,1,4,5,4,0,0
0,1,4,6,4,0,0
0.25,1,3,1,4,307.601351351351,77
0.25,1,3,2,4,49,13
0.25,1,3,3,4,0,0
0.25,1,3,4,4,0,0
0.25,1,3,5,4,0,0
0.25,1,3,6,4,0,0
0.25,1,4,1,4,384.119629317607,97
0.25,1,4,2,4,11,3
0.25,1,4,3,4,0,0
0.25,1,4,4,4,0,0
0.25,1,4,5,4,0,0
0.25,1,4,6,4,0,0
0.5,1,3,1,4,259.587888982338,130
0.5,1,3,2,4,55,28
0.5,1,3,3,4,0,0
0.5,1,3,4,4,0,0
0.5,1,3,5,4,0,0
0.5,1,3,6,4,0,0
0.5,1,4,1,4,234.881825590872,118
0.5,1,4,2,4,4,2
0.5,1,4,3,4,0,0
0.5,1,4,4,4,0,0
0.5,1,4,5,4,0,0
0.5,1,4,6,4,0,0
0.75,1,3,1,4,101.378254211332,77
0.75,1,3,2,4,2,2
0.75,1,3,3,4,0,0
0.75,1,3,4,4,0,0
0.75,1,3,5,4,0,0
0.75,1,3,6,4,0,0
0.75,1,4,1,4,102.561162079511,77
0.75,1,4,2,4,1,1
0.75,1,4,3,4,0,0
0.75,1,4,4,4,0,0
0.75,1,4,5,4,0,0
0.75,1,4,6,4,0,0
0,6,3,1,4,334.995625546807,0
0,6,3,2,4,254.777070063694,0
0,6,3,3,4,130.441898527005,0
0,6,3,4,4,4,0
0,6,3,5,4,0,0
0,6,3,6,4,0,0
0,6,4,1,4,332.647058823529,0
0,6,4,2,4,251.3671875,0
0,6,4,3,4,18,0
0,6,4,4,4,0,0
0,6,4,5,4,0,0
0,6,4,6,4,0,0
0.25,6,3,1,4,374.197530864198,94
0.25,6,3,2,4,97.1977582065652,25
0.25,6,3,3,4,15,4
0.25,6,3,4,4,0,0
0.25,6,3,5,4,0,0
0.25,6,3,6,4,0,0
0.25,6,4,1,4,414.230769230769,104
0.25,6,4,2,4,101.491935483871,26
0.25,6,4,3,4,0,0
0.25,6,4,4,4,0,0
0.25,6,4,5,4,0,0
0.25,6,4,6,4,0,0
0.5,6,3,1,4,164.555369127517,83
0.5,6,3,2,4,30,15
0.5,6,3,3,4,0,0
0.5,6,3,4,4,0,0
0.5,6,3,5,4,0,0
0.5,6,3,6,4,0,0
0.5,6,4,1,4,229.933388842631,115
0.5,6,4,2,4,8,4
0.5,6,4,3,4,0,0
0.5,6,4,4,4,0,0
0.5,6,4,5,4,0,0
0.5,6,4,6,4,0,0
0.75,6,3,1,4,50,36
0.75,6,3,2,4,5,4
0.75,6,3,3,4,0,0
0.75,6,3,4,4,0,0
0.75,6,3,5,4,0,0
0.75,6,3,6,4,0,0
0.75,6,4,1,4,73,55
0.75,6,4,2,4,2,2
0.75,6,4,3,4,0,0
0.75,6,4,4,4,0,0
0.75,6,4,5,4,0,0
0.75,6,4,6,4,0,0
0,24,3,1,4,185.294117647059,0
0,24,3,2,4,221.394037066882,0
0,24,3,3,4,137.944523470839,0
0,24,3,4,4,144.955609362389,0
0,24,3,5,4,22,0
0,24,3,6,4,0,0
0,24,4,1,4,291.773162939297,0
0,24,4,2,4,227.272727272727,0
0,24,4,3,4,225.993237531699,0
0,24,4,4,4,41,0
0,24,4,5,4,0,0
0,24,4,6,4,0,0
0.25,24,3,1,4,221.544368600683,56
0.25,24,3,2,4,164.090177133655,42
0.25,24,3,3,4,99.6359223300971,25
0.25,24,3,4,4,11,3
0.25,24,3,5,4,4,1
0.25,24,3,6,4,0,0
0.25,24,4,1,4,165.103734439834,42
0.25,24,4,2,4,167.047244094488,42
0.25,24,4,3,4,126.82437850842,32
0.25,24,4,4,4,27,7
0.25,24,4,5,4,0,0
0.25,24,4,6,4,0,0
0.5,24,3,1,4,163.692946058091,82
0.5,24,3,2,4,74,38
0.5,24,3,3,4,71,36
0.5,24,3,4,4,10,5
0.5,24,3,5,4,0,0
0.5,24,3,6,4,0,0
0.5,24,4,1,4,181.995230524642,91
0.5,24,4,2,4,131.818181818182,66
0.5,24,4,3,4,83.1628638867034,42
0.5,24,4,4,4,1,1
0.5,24,4,5,4,0,0
0.5,24,4,6,4,0,0
0.75,24,3,1,4,44,33
0.75,24,3,2,4,38,29
0.75,24,3,3,4,3,3
0.75,24,3,4,4,0,0
0.75,24,3,5,4,0,0
0.75,24,3,6,4,0,0
0.75,24,4,1,4,41,31
0.75,24,4,2,4,40,30
0.75,24,4,3,4,0,0
0.75,24,4,4,4,0,0
0.75,24,4,5,4,0,0
0.75,24,4,6,4,0,0
0,1,5,1,4,287.661290322581,0
0,1,5,2,4,3,0
0,1,5,3,4,0,0
0,1,5,4,4,0,0
0,1,5,5,4,0,0
0,1,5,6,4,0,0
0,1,6,1,4,213.40373679935,0
0,1,6,2,4,155.325203252033,0
0,1,6,3,4,0,0
0,1,6,4,4,0,0
0,1,6,5,4,0,0
0,1,6,6,4,0,0
0.25,1,5,1,4,303.454231433506,76
0.25,1,5,2,4,0,0
0.25,1,5,3,4,0,0
0.25,1,5,4,4,0,0
0.25,1,5,5,4,0,0
0.25,1,5,6,4,0,0
0.25,1,6,1,4,260.334728033473,66
0.25,1,6,2,4,0,0
0.25,1,6,3,4,0,0
0.25,1,6,4,4,0,0
0.25,1,6,5,4,0,0
0.25,1,6,6,4,0,0
0.5,1,5,1,4,157.797805642633,79
0.5,1,5,2,4,2,1
0.5,1,5,3,4,0,0
0.5,1,5,4,4,0,0
0.5,1,5,5,4,0,0
0.5,1,5,6,4,0,0
0.5,1,6,1,4,200.157977883096,101
0.5,1,6,2,4,57,29
0.5,1,6,3,4,0,0
0.5,1,6,4,4,0,0
0.5,1,6,5,4,0,0
0.5,1,6,6,4,0,0
0.75,1,5,1,4,23,18
0.75,1,5,2,4,0,0
0.75,1,5,3,4,0,0
0.75,1,5,4,4,0,0
0.75,1,5,5,4,0,0
0.75,1,5,6,4,0,0
0.75,1,6,1,4,34,26
0.75,1,6,2,4,0,0
0.75,1,6,3,4,0,0
0.75,1,6,4,4,0,0
0.75,1,6,5,4,0,0
0.75,1,6,6,4,0,0
0,6,5,1,4,343.352601156069,0
0,6,5,2,4,397.021812080537,0
0,6,5,3,4,195.148669796557,0
0,6,5,4,4,16,0
0,6,5,5,4,1,0
0,6,5,6,4,0,0
0,6,6,1,4,332.725766362883,0
0,6,6,2,4,174.223602484472,0
0,6,6,3,4,2,0
0,6,6,4,4,0,0
0,6,6,5,4,0,0
0,6,6,6,4,0,0
0.25,6,5,1,4,224.333063864188,57
0.25,6,5,2,4,87.3745173745174,22
0.25,6,5,3,4,0,0
0.25,6,5,4,4,0,0
0.25,6,5,5,4,0,0
0.25,6,5,6,4,0,0
0.25,6,6,1,4,254.905063291139,64
0.25,6,6,2,4,9,3
0.25,6,6,3,4,0,0
0.25,6,6,4,4,0,0
0.25,6,6,5,4,0,0
0.25,6,6,6,4,0,0
0.5,6,5,1,4,224.14068745004,113
0.5,6,5,2,4,37,19
0.5,6,5,3,4,0,0
0.5,6,5,4,4,1,1
0.5,6,5,5,4,0,0
0.5,6,5,6,4,2,1
0.5,6,6,1,4,202.429983525535,102
0.5,6,6,2,4,74,38
0.5,6,6,3,4,19,10
0.5,6,6,4,4,0,0
0.5,6,6,5,4,0,0
0.5,6,6,6,4,0,0
0.75,6,5,1,4,95.8041958041958,72
0.75,6,5,2,4,3,3
0.75,6,5,3,4,0,0
0.75,6,5,4,4,0,0
0.75,6,5,5,4,0,0
0.75,6,5,6,4,1,1
0.75,6,6,1,4,28,21
0.75,6,6,2,4,29,22
0.75,6,6,3,4,0,0
0.75,6,6,4,4,0,0
0.75,6,6,5,4,0,0
0.75,6,6,6,4,0,0
0,24,5,1,4,347.013651877133,0
0,24,5,2,4,235.252918287938,0
0,24,5,3,4,150.525040387722,0
0,24,5,4,4,42,0
0,24,5,5,4,4,0
0,24,5,6,4,0,0
0,24,6,1,4,310.00823723229,0
0,24,6,2,4,220.959803117309,0
0,24,6,3,4,51,0
0,24,6,4,4,166.32183908046,0
0,24,6,5,4,29,0
0,24,6,6,4,1,0
0.25,24,5,1,4,267.508278145695,67
0.25,24,5,2,4,168.86564762671,43
0.25,24,5,3,4,92.2302737520129,24
0.25,24,5,4,4,5,2
0.25,24,5,5,4,0,0
0.25,24,5,6,4,0,0
0.25,24,6,1,4,301.897133220911,76
0.25,24,6,2,4,230.711920529801,58
0.25,24,6,3,4,28,7
0.25,24,6,4,4,3,1
0.25,24,6,5,4,0,0
0.25,24,6,6,4,0,0
0.5,24,5,1,4,155.64,78
0.5,24,5,2,4,103.718048024787,52
0.5,24,5,3,4,23,12
0.5,24,5,4,4,0,0
0.5,24,5,5,4,0,0
0.5,24,5,6,4,0,0
0.5,24,6,1,4,209.420289855072,105
0.5,24,6,2,4,35,18
0.5,24,6,3,4,1,1
0.5,24,6,4,4,1,1
0.5,24,6,5,4,0,0
0.5,24,6,6,4,0,0
0.75,24,5,1,4,54,41
0.75,24,5,2,4,46,35
0.75,24,5,3,4,1,1
0.75,24,5,4,4,0,0
0.75,24,5,5,4,0,0
0.75,24,5,6,4,0,0
0.75,24,6,1,4,39,30
0.75,24,6,2,4,0,0
0.75,24,6,3,4,0,0
0.75,24,6,4,4,0,0
0.75,24,6,5,4,0,0
0.75,24,6,6,4,0,0
0,1,7,1,4,330.259623992838,0
0,1,7,2,4,6,0
0,1,7,3,4,0,0
0,1,7,4,4,0,0
0,1,7,5,4,0,0
0,1,7,6,4,0,0
0,1,8,1,4,237.552039966694,0
0,1,8,2,4,187.921779141104,0
0,1,8,3,4,0,0
0,1,8,4,4,0,0
0,1,8,5,4,0,0
0,1,8,6,4,0,0
0.25,1,7,1,4,146.40625,37
0.25,1,7,2,4,72,18
0.25,1,7,3,4,9,2
0.25,1,7,4,4,0,0
0.25,1,7,5,4,0,0
0.25,1,7,6,4,0,0
0.25,1,8,1,4,204.485596707819,52
0.25,1,8,2,4,72,18
0.25,1,8,3,4,0,0
0.25,1,8,4,4,1,0
0.25,1,8,5,4,0,0
0.25,1,8,6,4,0,0
0.5,1,7,1,4,225.359864521592,113
0.5,1,7,2,4,6,3
0.5,1,7,3,4,0,0
0.5,1,7,4,4,0,0
0.5,1,7,5,4,0,0
0.5,1,7,6,4,0,0
0.5,1,8,1,4,209.295415959253,105
0.5,1,8,2,4,73,37
0.5,1,8,3,4,274.908592321755,138
0.5,1,8,4,4,4,2
0.5,1,8,5,4,0,0
0.5,1,8,6,4,0,0
0.75,1,7,1,4,101.689933872153,77
0.75,1,7,2,4,0,0
0.75,1,7,3,4,0,0
0.75,1,7,4,4,0,0
0.75,1,7,5,4,0,0
0.75,1,7,6,4,0,0
0.75,1,8,1,4,85.652853792025,65
0.75,1,8,2,4,1,1
0.75,1,8,3,4,0,0
0.75,1,8,4,4,0,0
0.75,1,8,5,4,0,0
0.75,1,8,6,4,0,0
0,6,7,1,4,414.242160278746,0
0,6,7,2,4,240.250809061489,0
0,6,7,3,4,1,0
0,6,7,4,4,0,0
0,6,7,5,4,0,0
0,6,7,6,4,0,0
0,6,8,1,4,359.078590785908,0
0,6,8,2,4,155.114566284779,0
0,6,8,3,4,18,0
0,6,8,4,4,0,0
0,6,8,5,4,1,0
0,6,8,6,4,0,0
0.25,6,7,1,4,280.314309346567,71
0.25,6,7,2,4,243.010038994441,61
0.25,6,7,3,4,46,12
0.25,6,7,4,4,0,0
0.25,6,7,5,4,0,0
0.25,6,7,6,4,0,0
0.25,6,8,1,4,302.893235533822,76
0.25,6,8,2,4,155.738396624473,39
0.25,6,8,3,4,25,6
0.25,6,8,4,4,0,0
0.25,6,8,5,4,0,0
0.25,6,8,6,4,0,0
0.5,6,7,1,4,199.57298136646,100
0.5,6,7,2,4,64,32
0.5,6,7,3,4,0,0
0.5,6,7,4,4,0,0
0.5,6,7,5,4,0,0
0.5,6,7,6,4,0,0
0.5,6,8,1,4,208.089430894309,105
0.5,6,8,2,4,82.7194357366771,42
0.5,6,8,3,4,3,2
0.5,6,8,4,4,0,0
0.5,6,8,5,4,1,1
0.5,6,8,6,4,0,0
0.75,6,7,1,4,168.670618120237,127
0.75,6,7,2,4,1,1
0.75,6,7,3,4,0,0
0.75,6,7,4,4,1,1
0.75,6,7,5,4,1,1
0.75,6,7,6,4,0,0
0.75,6,8,1,4,84.2585829072316,64
0.75,6,8,2,4,45,34
0.75,6,8,3,4,0,0
0.75,6,8,4,4,0,0
0.75,6,8,5,4,0,0
0.75,6,8,6,4,0,0
0,24,7,1,4,357.861060329068,0
0,24,7,2,4,272.11614956245,0
0,24,7,3,4,177.639000805802,0
0,24,7,4,4,80.9656823623304,0
0,24,7,5,4,2,0
0,24,7,6,4,0,0
0,24,8,1,4,306.302521008403,0
0,24,8,2,4,306.177446102819,0
0,24,8,3,4,220.508613617719,0
0,24,8,4,4,204.293313069909,0
0,24,8,5,4,1,0
0,24,8,6,4,1,0
0.25,24,7,1,4,309.309182813816,78
0.25,24,7,2,4,204.462051709758,52
0.25,24,7,3,4,30,8
0.25,24,7,4,4,4,1
0.25,24,7,5,4,0,0
0.25,24,7,6,4,0,0
0.25,24,8,1,4,360.198744769875,91
0.25,24,8,2,4,194.812450119713,49
0.25,24,8,3,4,79.0577988915281,20
0.25,24,8,4,4,0,0
0.25,24,8,5,4,1,1
0.25,24,8,6,4,0,0
0.5,24,7,1,4,165.596330275229,83
0.5,24,7,2,4,114.564686737185,58
0.5,24,7,3,4,70,35
0.5,24,7,4,4,1,1
0.5,24,7,5,4,0,0
0.5,24,7,6,4,0,0
0.5,24,8,1,4,203.448275862069,102
0.5,24,8,2,4,112.014274385408,57
0.5,24,8,3,4,60,30
0.5,24,8,4,4,7,4
0.5,24,8,5,4,0,0
0.5,24,8,6,4,0,0
0.75,24,7,1,4,45,34
0.75,24,7,2,4,43,32
0.75,24,7,3,4,27,20
0.75,24,7,4,4,0,0
0.75,24,7,5,4,0,0
0.75,24,7,6,4,0,0
0.75,24,8,1,4,58,44
0.75,24,8,2,4,64,48
0.75,24,8,3,4,0,0
0.75,24,8,4,4,0,0
0.75,24,8,5,4,0,0
0.75,24,8,6,4,0,0
0,1,9,1,4,393.893442622951,0
0,1,9,2,4,133.912037037037,0
0,1,9,3,4,0,0
0,1,9,4,4,0,0
0,1,9,5,4,0,0
0,1,9,6,4,0,0
0,1,10,1,4,416.064092029581,0
0,1,10,2,4,54,0
0,1,10,3,4,0,0
0,1,10,4,4,0,0
0,1,10,5,4,0,0
0,1,10,6,4,0,0
0.25,1,9,1,4,373.327759197324,94
0.25,1,9,2,4,2,0
0.25,1,9,3,4,1,0
0.25,1,9,4,4,0,0
0.25,1,9,5,4,0,0
0.25,1,9,6,4,0,0
0.25,1,10,1,4,350.835987261146,88
0.25,1,10,2,4,2,1
0.25,1,10,3,4,0,0
0.25,1,10,4,4,0,0
0.25,1,10,5,4,0,0
0.25,1,10,6,4,0,0
0.5,1,9,1,4,214.188649080735,108
0.5,1,9,2,4,3,2
0.5,1,9,3,4,0,0
0.5,1,9,4,4,0,0
0.5,1,9,5,4,0,0
0.5,1,9,6,4,0,0
0.5,1,10,1,4,304.59726443769,153
0.5,1,10,2,4,0,0
0.5,1,10,3,4,0,0
0.5,1,10,4,4,0,0
0.5,1,10,5,4,0,0
0.5,1,10,6,4,0,0
0.75,1,9,1,4,177.78505897772,134
0.75,1,9,2,4,1,1
0.75,1,9,3,4,0,0
0.75,1,9,4,4,0,0
0.75,1,9,5,4,0,0
0.75,1,9,6,4,0,0
0.75,1,10,1,4,55,42
0.75,1,10,2,4,0,0
0.75,1,10,3,4,0,0
0.75,1,10,4,4,0,0
0.75,1,10,5,4,0,0
0.75,1,10,6,4,0,0
0,6,9,1,4,406.82382133995,0
0,6,9,2,4,327.529021558872,0
0,6,9,3,4,36,0
0,6,9,4,4,1,0
0,6,9,5,4,0,0
0,6,9,6,4,0,0
0,6,10,1,4,390.42904290429,0
0,6,10,2,4,258.151765589782,0
0,6,10,3,4,207.549407114625,0
0,6,10,4,4,17,0
0,6,10,5,4,1,0
0,6,10,6,4,0,0
0.25,6,9,1,4,334.141331142153,84
0.25,6,9,2,4,46,12
0.25,6,9,3,4,2,1
0.25,6,9,4,4,0,0
0.25,6,9,5,4,0,0
0.25,6,9,6,4,0,0
0.25,6,10,1,4,346.862097440132,87
0.25,6,10,2,4,12,3
0.25,6,10,3,4,0,0
0.25,6,10,4,4,0,0
0.25,6,10,5,4,0,0
0.25,6,10,6,4,0,0
0.5,6,9,1,4,263.770864946889,132
0.5,6,9,2,4,171.985018726592,86
0.5,6,9,3,4,2,1
0.5,6,9,4,4,0,0
0.5,6,9,5,4,0,0
0.5,6,9,6,4,0,0
0.5,6,10,1,4,230.252100840336,116
0.5,6,10,2,4,190.967987804878,96
0.5,6,10,3,4,27,14
0.5,6,10,4,4,0,0
0.5,6,10,5,4,0,0
0.5,6,10,6,4,0,0
0.75,6,9,1,4,101.819560272934,77
0.75,6,9,2,4,5,4
0.75,6,9,3,4,0,0
0.75,6,9,4,4,0,0
0.75,6,9,5,4,0,0
0.75,6,9,6,4,0,0
0.75,6,10,1,4,43,33
0.75,6,10,2,4,1,1
0.75,6,10,3,4,0,0
0.75,6,10,4,4,0,0
0.75,6,10,5,4,0,0
0.75,6,10,6,4,0,0
0,24,9,1,4,465.26622296173,0
0,24,9,2,4,356.930693069307,0
0,24,9,3,4,188.048411497731,0
0,24,9,4,4,80.9384164222874,0
0,24,9,5,4,0,0
0,24,9,6,4,0,0
0,24,10,1,4,373.617886178862,0
0,24,10,2,4,333.87379491674,0
0,24,10,3,4,268.683565004088,0
0,24,10,4,4,138.154713940371,0
0,24,10,5,4,11,0
0,24,10,6,4,1,0
0.25,24,9,1,4,283.210332103321,71
0.25,24,9,2,4,166.218721037998,42
0.25,24,9,3,4,116.561762391817,30
0.25,24,9,4,4,2,1
0.25,24,9,5,4,1,1
0.25,24,9,6,4,0,0
0.25,24,10,1,4,317.269230769231,80
0.25,24,10,2,4,284.281200631912,72
0.25,24,10,3,4,66,17
0.25,24,10,4,4,0,0
0.25,24,10,5,4,0,0
0.25,24,10,6,4,0,0
0.5,24,9,1,4,213.646288209607,107
0.5,24,9,2,4,181.653846153846,91
0.5,24,9,3,4,29,15
0.5,24,9,4,4,0,0
0.5,24,9,5,4,0,0
0.5,24,9,6,4,0,0
0.5,24,10,1,4,201.126651126651,101
0.5,24,10,2,4,150.52,76
0.5,24,10,3,4,51,26
0.5,24,10,4,4,0,0
0.5,24,10,5,4,0,0
0.5,24,10,6,4,0,0
0.75,24,9,1,4,29,22
0.75,24,9,2,4,6,5
0.75,24,9,3,4,0,0
0.75,24,9,4,4,0,0
0.75,24,9,5,4,0,0
0.75,24,9,6,4,0,0
0.75,24,10,1,4,41,31
0.75,24,10,2,4,4,3
0.75,24,10,3,4,0,0
0.75,24,10,4,4,0,0
0.75,24,10,5,4,0,0
0.75,24,10,6,4,0,0
0,1,1,1,5,357.719928186715,0
0,1,1,2,5,50,0
0,1,1,3,5,0,0
0,1,1,4,5,0,0
0,1,1,5,5,0,0
0,1,1,6,5,0,0
0,1,2,1,5,247.546012269939,0
0,1,2,2,5,128.761755485893,0
0,1,2,3,5,3,0
0,1,2,4,5,0,0
0,1,2,5,5,0,0
0,1,2,6,5,0,0
0.25,1,1,1,5,274.407783417936,69
0.25,1,1,2,5,96.2948815889992,25
0.25,1,1,3,5,1,1
0.25,1,1,4,5,0,0
0.25,1,1,5,5,0,0
0.25,1,1,6,5,0,0
0.25,1,2,1,5,348.578811369509,88
0.25,1,2,2,5,215.51724137931,54
0.25,1,2,3,5,2,1
0.25,1,2,4,5,0,0
0.25,1,2,5,5,0,0
0.25,1,2,6,5,0,0
0.5,1,1,1,5,98.0330448465775,50
0.5,1,1,2,5,1,1
0.5,1,1,3,5,0,0
0.5,1,1,4,5,0,0
0.5,1,1,5,5,0,0
0.5,1,1,6,5,0,0
0.5,1,2,1,5,184.956794972506,93
0.5,1,2,2,5,127.286821705426,64
0.5,1,2,3,5,1,1
0.5,1,2,4,5,0,0
0.5,1,2,5,5,0,0
0.5,1,2,6,5,0,0
0.75,1,1,1,5,22,17
0.75,1,1,2,5,0,0
0.75,1,1,3,5,0,0
0.75,1,1,4,5,0,0
0.75,1,1,5,5,0,0
0.75,1,1,6,5,0,0
0.75,1,2,1,5,71,54
0.75,1,2,2,5,0,0
0.75,1,2,3,5,0,0
0.75,1,2,4,5,0,0
0.75,1,2,5,5,0,0
0.75,1,2,6,5,0,0
0,6,1,1,5,343.723673125526,0
0,6,1,2,5,168.283582089552,0
0,6,1,3,5,12,0
0,6,1,4,5,0,0
0,6,1,5,5,0,0
0,6,1,6,5,0,0
0,6,2,1,5,279.606986899563,0
0,6,2,2,5,229.545454545455,0
0,6,2,3,5,22,0
0,6,2,4,5,0,0
0,6,2,5,5,0,0
0,6,2,6,5,0,0
0.25,6,1,1,5,295.778938207137,74
0.25,6,1,2,5,145.522388059701,37
0.25,6,1,3,5,42,11
0.25,6,1,4,5,0,0
0.25,6,1,5,5,0,0
0.25,6,1,6,5,0,0
0.25,6,2,1,5,358.382877526754,90
0.25,6,2,2,5,213.995308835027,54
0.25,6,2,3,5,14,4
0.25,6,2,4,5,1,1
0.25,6,2,5,5,0,0
0.25,6,2,6,5,0,0
0.5,6,1,1,5,195.593220338983,98
0.5,6,1,2,5,5,3
0.5,6,1,3,5,0,0
0.5,6,1,4,5,0,0
0.5,6,1,5,5,0,0
0.5,6,1,6,5,0,0
0.5,6,2,1,5,194.28,98
0.5,6,2,2,5,141.338259441708,71
0.5,6,2,3,5,1,1
0.5,6,2,4,5,0,0
0.5,6,2,5,5,0,0
0.5,6,2,6,5,0,0
0.75,6,1,1,5,0,0
0.75,6,1,2,5,0,0
0.75,6,1,3,5,0,0
0.75,6,1,4,5,0,0
0.75,6,1,5,5,0,0
0.75,6,1,6,5,0,0
0.75,6,2,1,5,2,2
0.75,6,2,2,5,0,0
0.75,6,2,3,5,0,0
0.75,6,2,4,5,0,0
0.75,6,2,5,5,0,0
0.75,6,2,6,5,0,0
0,24,1,1,5,293.051890941073,0
0,24,1,2,5,203.568357695615,0
0,24,1,3,5,160.310612597066,0
0,24,1,4,5,91.4832925835371,0
0,24,1,5,5,21,0
0,24,1,6,5,0,0
0,24,2,1,5,337.11385701677,0
0,24,2,2,5,289.757412398922,0
0,24,2,3,5,212.781629116118,0
0,24,2,4,5,154.260651629073,0
0,24,2,5,5,38,0
0,24,2,6,5,0,0
0.25,24,1,1,5,288.320209973753,73
0.25,24,1,2,5,254.064352243861,64
0.25,24,1,3,5,143.086003372681,36
0.25,24,1,4,5,81.260162601626,21
0.25,24,1,5,5,11,3
0.25,24,1,6,5,0,0
0.25,24,2,1,5,368.594217347956,93
0.25,24,2,2,5,219.380831212892,55
0.25,24,2,3,5,143.760539629005,36
0.25,24,2,4,5,109.204180064309,28
0.25,24,2,5,5,2,1
0.25,24,2,6,5,0,0
0.5,24,1,1,5,121.591836734694,61
0.5,24,1,2,5,90.6597774244833,46
0.5,24,1,3,5,42,21
0.5,24,1,4,5,0,0
0.5,24,1,5,5,1,1
0.5,24,1,6,5,0,0
0.5,24,2,1,5,191.508656224237,96
0.5,24,2,2,5,138.765957446809,70
0.5,24,2,3,5,54,27
0.5,24,2,4,5,28,14
0.5,24,2,5,5,1,1
0.5,24,2,6,5,0,0
0.75,24,1,1,5,22,17
0.75,24,1,2,5,0,0
0.75,24,1,3,5,0,0
0.75,24,1,4,5,0,0
0.75,24,1,5,5,0,0
0.75,24,1,6,5,0,0
0.75,24,2,1,5,32,24
0.75,24,2,2,5,25,19
0.75,24,2,3,5,0,0
0.75,24,2,4,5,0,0
0.75,24,2,5,5,0,0
0.75,24,2,6,5,0,0
0,1,3,1,5,354.961505560308,0
0,1,3,2,5,114.387351778656,0
0,1,3,3,5,1,0
0,1,3,4,5,0,0
0,1,3,5,5,0,0
0,1,3,6,5,0,0
0,1,4,1,5,404.573170731707,0
0,1,4,2,5,102.567953146118,0
0,1,4,3,5,13,0
0,1,4,4,5,0,0
0,1,4,5,5,0,0
0,1,4,6,5,0,0
0.25,1,3,1,5,307.070279424217,77
0.25,1,3,2,5,114.873417721519,29
0.25,1,3,3,5,0,0
0.25,1,3,4,5,0,0
0.25,1,3,5,5,0,0
0.25,1,3,6,5,0,0
0.25,1,4,1,5,365.88785046729,92
0.25,1,4,2,5,52,13
0.25,1,4,3,5,0,0
0.25,1,4,4,5,0,0
0.25,1,4,5,5,0,0
0.25,1,4,6,5,0,0
0.5,1,3,1,5,283.872377622378,142
0.5,1,3,2,5,85.6043110084681,43
0.5,1,3,3,5,0,0
0.5,1,3,4,5,0,0
0.5,1,3,5,5,0,0
0.5,1,3,6,5,0,0
0.5,1,4,1,5,242.643492320129,122
0.5,1,4,2,5,6,3
0.5,1,4,3,5,0,0
0.5,1,4,4,5,0,0
0.5,1,4,5,5,0,0
0.5,1,4,6,5,0,0
0.75,1,3,1,5,106.900630914826,81
0.75,1,3,2,5,3,2
0.75,1,3,3,5,0,0
0.75,1,3,4,5,0,0
0.75,1,3,5,5,0,0
0.75,1,3,6,5,0,0
0.75,1,4,1,5,76.3761467889908,58
0.75,1,4,2,5,3,2
0.75,1,4,3,5,0,0
0.75,1,4,4,5,0,0
0.75,1,4,5,5,0,0
0.75,1,4,6,5,0,0
0,6,3,1,5,377.791878172589,0
0,6,3,2,5,372.678275290216,0
0,6,3,3,5,269.070904645477,0
0,6,3,4,5,18,0
0,6,3,5,5,1,0
0,6,3,6,5,0,0
0,6,4,1,5,368.040370058873,0
0,6,4,2,5,339.991482112436,0
0,6,4,3,5,80.5132317562149,0
0,6,4,4,5,1,0
0,6,4,5,5,0,0
0,6,4,6,5,0,0
0.25,6,3,1,5,371.679520137104,93
0.25,6,3,2,5,166.150793650794,42
0.25,6,3,3,5,66,17
0.25,6,3,4,5,0,0
0.25,6,3,5,5,0,0
0.25,6,3,6,5,0,0
0.25,6,4,1,5,348.12030075188,88
0.25,6,4,2,5,165.622423742786,42
0.25,6,4,3,5,8,2
0.25,6,4,4,5,0,0
0.25,6,4,5,5,0,0
0.25,6,4,6,5,0,0
0.5,6,3,1,5,169.110764430577,85
0.5,6,3,2,5,79.4461778471139,40
0.5,6,3,3,5,1,1
0.5,6,3,4,5,0,0
0.5,6,3,5,5,0,0
0.5,6,3,6,5,0,0
0.5,6,4,1,5,218.740031897927,110
0.5,6,4,2,5,36,18
0.5,6,4,3,5,0,0
0.5,6,4,4,5,0,0
0.5,6,4,5,5,0,0
0.5,6,4,6,5,0,0
0.75,6,3,1,5,83.0188679245283,63
0.75,6,3,2,5,5,4
0.75,6,3,3,5,0,0
0.75,6,3,4,5,0,0
0.75,6,3,5,5,0,0
0.75,6,3,6,5,0,0
0.75,6,4,1,5,39,30
0.75,6,4,2,5,5,4
0.75,6,4,3,5,0,0
0.75,6,4,4,5,0,0
0.75,6,4,5,5,0,0
0.75,6,4,6,5,0,0
0,24,3,1,5,292.83305227656,0
0,24,3,2,5,321.363636363636,0
0,24,3,3,5,333.757178014766,0
0,24,3,4,5,214.79217603912,0
0,24,3,5,5,104.186413902054,0
0,24,3,6,5,4,0
0,24,4,1,5,275.928984310487,0
0,24,4,2,5,318.14381270903,0
0,24,4,3,5,236.569579288026,0
0,24,4,4,5,147.686688311688,0
0,24,4,5,5,25,0
0,24,4,6,5,5,0
0.25,24,3,1,5,277.18487394958,70
0.25,24,3,2,5,258.509771986971,65
0.25,24,3,3,5,181.846882399369,46
0.25,24,3,4,5,50,13
0.25,24,3,5,5,19,5
0.25,24,3,6,5,1,1
0.25,24,4,1,5,219.253112033195,55
0.25,24,4,2,5,264.151712887439,67
0.25,24,4,3,5,137.684729064039,35
0.25,24,4,4,5,92.5282714054927,24
0.25,24,4,5,5,4,1
0.25,24,4,6,5,0,0
0.5,24,3,1,5,157.447604790419,79
0.5,24,3,2,5,105.503512880562,53
0.5,24,3,3,5,96.8076616121309,49
0.5,24,3,4,5,52,26
0.5,24,3,5,5,1,1
0.5,24,3,6,5,0,0
0.5,24,4,1,5,174.261083743842,88
0.5,24,4,2,5,123.102040816327,62
0.5,24,4,3,5,96.6826538768985,49
0.5,24,4,4,5,3,2
0.5,24,4,5,5,1,1
0.5,24,4,6,5,0,0
0.75,24,3,1,5,33,25
0.75,24,3,2,5,51,39
0.75,24,3,3,5,2,2
0.75,24,3,4,5,0,0
0.75,24,3,5,5,0,0
0.75,24,3,6,5,0,0
0.75,24,4,1,5,41,31
0.75,24,4,2,5,22,17
0.75,24,4,3,5,0,0
0.75,24,4,4,5,0,0
0.75,24,4,5,5,0,0
0.75,24,4,6,5,0,0
0,1,5,1,5,355.27950310559,0
0,1,5,2,5,28,6
0,1,5,3,5,0,0
0,1,5,4,5,0,0
0,1,5,5,5,0,0
0,1,5,6,5,0,0
0,1,6,1,5,302.65780730897,0
0,1,6,2,5,251.354784081287,0
0,1,6,3,5,0,0
0,1,6,4,5,0,0
0,1,6,5,5,0,0
0,1,6,6,5,0,0
0.25,1,5,1,5,292.972057578323,74
0.25,1,5,2,5,12,3
0.25,1,5,3,5,0,0
0.25,1,5,4,5,0,0
0.25,1,5,5,5,0,0
0.25,1,5,6,5,0,0
0.25,1,6,1,5,296.826758147513,75
0.25,1,6,2,5,3,1
0.25,1,6,3,5,0,0
0.25,1,6,4,5,0,0
0.25,1,6,5,5,0,0
0.25,1,6,6,5,0,0
0.5,1,5,1,5,220.322847682119,111
0.5,1,5,2,5,4,0
0.5,1,5,3,5,0,0
0.5,1,5,4,5,0,0
0.5,1,5,5,5,0,0
0.5,1,5,6,5,0,0
0.5,1,6,1,5,279.575163398693,140
0.5,1,6,2,5,111.498810467883,56
0.5,1,6,3,5,0,0
0.5,1,6,4,5,0,0
0.5,1,6,5,5,0,0
0.5,1,6,6,5,0,0
0.75,1,5,1,5,38,29
0.75,1,5,2,5,0,0
0.75,1,5,3,5,0,0
0.75,1,5,4,5,0,0
0.75,1,5,5,5,0,0
0.75,1,5,6,5,0,0
0.75,1,6,1,5,15,11
0.75,1,6,2,5,0,0
0.75,1,6,3,5,0,0
0.75,1,6,4,5,0,0
0.75,1,6,5,5,0,0
0.75,1,6,6,5,0,0
0,6,5,1,5,328.648164726947,0
0,6,5,2,5,264.192708333333,0
0,6,5,3,5,217.71823681936,0
0,6,5,4,5,114.95589414595,0
0,6,5,5,5,28,0
0,6,5,6,5,1,0
0,6,6,1,5,376.807760141094,0
0,6,6,2,5,280.264279624893,0
0,6,6,3,5,63,0
0,6,6,4,5,8,0
0,6,6,5,5,0,0
0,6,6,6,5,0,0
0.25,6,5,1,5,258.693808312129,68
0.25,6,5,2,5,223.484201537148,56
0.25,6,5,3,5,4,1
0.25,6,5,4,5,2,1
0.25,6,5,5,5,0,0
0.25,6,5,6,5,0,0
0.25,6,6,1,5,258.270676691729,65
0.25,6,6,2,5,52,13
0.25,6,6,3,5,0,0
0.25,6,6,4,5,0,0
0.25,6,6,5,5,0,0
0.25,6,6,6,5,0,0
0.5,6,5,1,5,287.349397590361,144
0.5,6,5,2,5,104.98023715415,53
0.5,6,5,3,5,3,2
0.5,6,5,4,5,0,0
0.5,6,5,5,5,0,0
0.5,6,5,6,5,13,7
0.5,6,6,1,5,189.36974789916,95
0.5,6,6,2,5,141.873498799039,71
0.5,6,6,3,5,57,29
0.5,6,6,4,5,0,0
0.5,6,6,5,5,0,0
0.5,6,6,6,5,0,0
0.75,6,5,1,5,72,54
0.75,6,5,2,5,3,2
0.75,6,5,3,5,0,0
0.75,6,5,4,5,0,0
0.75,6,5,5,5,0,0
0.75,6,5,6,5,0,0
0.75,6,6,1,5,35,26
0.75,6,6,2,5,38,28
0.75,6,6,3,5,4,3
0.75,6,6,4,5,0,0
0.75,6,6,5,5,0,0
0.75,6,6,6,5,0,0
0,24,5,1,5,318.173758865248,0
0,24,5,2,5,314.827890556046,0
0,24,5,3,5,219.204737732657,0
0,24,5,4,5,173.791973791974,0
0,24,5,5,5,56,0
0,24,5,6,5,2,0
0,24,6,1,5,310.382276281494,0
0,24,6,2,5,308.575085324232,0
0,24,6,3,5,247.45409015025,0
0,24,6,4,5,217.22972972973,0
0,24,6,5,5,98.5657370517928,0
0,24,6,6,5,18,0
0.25,24,5,1,5,293.828715365239,74
0.25,24,5,2,5,234.293948126801,59
0.25,24,5,3,5,131.07494322483,33
0.25,24,5,4,5,91.8769716088328,21
0.25,24,5,5,5,1,0
0.25,24,5,6,5,0,0
0.25,24,6,1,5,274.850809889173,69
0.25,24,6,2,5,191.393786733837,48
0.25,24,6,3,5,141.826522101751,36
0.25,24,6,4,5,12,3
0.25,24,6,5,5,0,0
0.25,24,6,6,5,0,0
0.5,24,5,1,5,226.753670473083,114
0.5,24,5,2,5,125.404530744337,63
0.5,24,5,3,5,92.8798727128083,47
0.5,24,5,4,5,4,2
0.5,24,5,5,5,0,0
0.5,24,5,6,5,0,0
0.5,24,6,1,5,109.897172236504,55
0.5,24,6,2,5,167.35604217356,82
0.5,24,6,3,5,26,13
0.5,24,6,4,5,1,1
0.5,24,6,5,5,0,0
0.5,24,6,6,5,0,0
0.75,24,5,1,5,36,27
0.75,24,5,2,5,44,33
0.75,24,5,3,5,8,6
0.75,24,5,4,5,0,0
0.75,24,5,5,5,0,0
0.75,24,5,6,5,0,0
0.75,24,6,1,5,49,37
0.75,24,6,2,5,10,8
0.75,24,6,3,5,0,0
0.75,24,6,4,5,0,0
0.75,24,6,5,5,0,0
0.75,24,6,6,5,0,0
0,1,7,1,5,NA,0
0,1,7,2,5,NA,0
0,1,7,3,5,NA,0
0,1,7,4,5,NA,0
0,1,7,5,5,NA,0
0,1,7,6,5,NA,0
0,1,8,1,5,NA,0
0,1,8,2,5,NA,0
0,1,8,3,5,NA,0
0,1,8,4,5,NA,0
0,1,8,5,5,NA,0
0,1,8,6,5,NA,0
0.25,1,7,1,5,NA,12
0.25,1,7,2,5,NA,10
0.25,1,7,3,5,NA,2
0.25,1,7,4,5,NA,0
0.25,1,7,5,5,NA,0
0.25,1,7,6,5,NA,0
0.25,1,8,1,5,NA,7
0.25,1,8,2,5,NA,10
0.25,1,8,3,5,NA,0
0.25,1,8,4,5,NA,0
0.25,1,8,5,5,NA,0
0.25,1,8,6,5,NA,0
0.5,1,7,1,5,NA,10
0.5,1,7,2,5,NA,0
0.5,1,7,3,5,NA,0
0.5,1,7,4,5,NA,0
0.5,1,7,5,5,NA,0
0.5,1,7,6,5,NA,0
0.5,1,8,1,5,NA,21
0.5,1,8,2,5,NA,13
0.5,1,8,3,5,NA,14
0.5,1,8,4,5,NA,0
0.5,1,8,5,5,NA,0
0.5,1,8,6,5,NA,0
0.75,1,7,1,5,NA,5
0.75,1,7,2,5,NA,0
0.75,1,7,3,5,NA,0
0.75,1,7,4,5,NA,0
0.75,1,7,5,5,NA,0
0.75,1,7,6,5,NA,0
0.75,1,8,1,5,NA,9
0.75,1,8,2,5,NA,0
0.75,1,8,3,5,NA,0
0.75,1,8,4,5,NA,0
0.75,1,8,5,5,NA,0
0.75,1,8,6,5,NA,0
0,6,7,1,5,NA,0
0,6,7,2,5,NA,0
0,6,7,3,5,NA,0
0,6,7,4,5,NA,0
0,6,7,5,5,NA,0
0,6,7,6,5,NA,0
0,6,8,1,5,NA,0
0,6,8,2,5,NA,0
0,6,8,3,5,NA,0
0,6,8,4,5,NA,0
0,6,8,5,5,NA,0
0,6,8,6,5,NA,0
0.25,6,7,1,5,NA,13
0.25,6,7,2,5,NA,14
0.25,6,7,3,5,NA,5
0.25,6,7,4,5,NA,0
0.25,6,7,5,5,NA,0
0.25,6,7,6,5,NA,0
0.25,6,8,1,5,NA,28
0.25,6,8,2,5,NA,10
0.25,6,8,3,5,NA,3
0.25,6,8,4,5,NA,0
0.25,6,8,5,5,NA,0
0.25,6,8,6,5,NA,0
0.5,6,7,1,5,NA,9
0.5,6,7,2,5,NA,18
0.5,6,7,3,5,NA,0
0.5,6,7,4,5,NA,0
0.5,6,7,5,5,NA,0
0.5,6,7,6,5,NA,0
0.5,6,8,1,5,NA,3
0.5,6,8,2,5,NA,9
0.5,6,8,3,5,NA,1
0.5,6,8,4,5,NA,0
0.5,6,8,5,5,NA,0
0.5,6,8,6,5,NA,0
0.75,6,7,1,5,NA,27
0.75,6,7,2,5,NA,0
0.75,6,7,3,5,NA,0
0.75,6,7,4,5,NA,0
0.75,6,7,5,5,NA,0
0.75,6,7,6,5,NA,0
0.75,6,8,1,5,NA,8
0.75,6,8,2,5,NA,8
0.75,6,8,3,5,NA,0
0.75,6,8,4,5,NA,0
0.75,6,8,5,5,NA,0
0.75,6,8,6,5,NA,0
0,24,7,1,5,NA,0
0,24,7,2,5,NA,0
0,24,7,3,5,NA,0
0,24,7,4,5,NA,0
0,24,7,5,5,NA,0
0,24,7,6,5,NA,0
0,24,8,1,5,NA,0
0,24,8,2,5,NA,0
0,24,8,3,5,NA,0
0,24,8,4,5,NA,0
0,24,8,5,5,NA,0
0,24,8,6,5,NA,0
0.25,24,7,1,5,NA,10
0.25,24,7,2,5,NA,10
0.25,24,7,3,5,NA,7
0.25,24,7,4,5,NA,0
0.25,24,7,5,5,NA,0
0.25,24,7,6,5,NA,0
0.25,24,8,1,5,NA,14
0.25,24,8,2,5,NA,11
0.25,24,8,3,5,NA,7
0.25,24,8,4,5,NA,1
0.25,24,8,5,5,NA,0
0.25,24,8,6,5,NA,0
0.5,24,7,1,5,NA,3
0.5,24,7,2,5,NA,1
0.5,24,7,3,5,NA,1
0.5,24,7,4,5,NA,0
0.5,24,7,5,5,NA,0
0.5,24,7,6,5,NA,0
0.5,24,8,1,5,NA,2
0.5,24,8,2,5,NA,3
0.5,24,8,3,5,NA,3
0.5,24,8,4,5,NA,0
0.5,24,8,5,5,NA,0
0.5,24,8,6,5,NA,0
0.75,24,7,1,5,NA,5
0.75,24,7,2,5,NA,1
0.75,24,7,3,5,NA,2
0.75,24,7,4,5,NA,0
0.75,24,7,5,5,NA,0
0.75,24,7,6,5,NA,0
0.75,24,8,1,5,NA,1
0.75,24,8,2,5,NA,2
0.75,24,8,3,5,NA,0
0.75,24,8,4,5,NA,0
0.75,24,8,5,5,NA,0
0.75,24,8,6,5,NA,0
0,1,9,1,5,352.687224669603,0
0,1,9,2,5,322.914875322442,0
0,1,9,3,5,1,0
0,1,9,4,5,0,0
0,1,9,5,5,0,0
0,1,9,6,5,0,0
0,1,10,1,5,426.561085972851,0
0,1,10,2,5,161.317034700315,0
0,1,10,3,5,0,0
0,1,10,4,5,0,0
0,1,10,5,5,0,0
0,1,10,6,5,0,0
0.25,1,9,1,5,393.642921550947,99
0.25,1,9,2,5,15,4
0.25,1,9,3,5,0,0
0.25,1,9,4,5,1,0
0.25,1,9,5,5,0,0
0.25,1,9,6,5,0,0
0.25,1,10,1,5,315.00872600349,79
0.25,1,10,2,5,5,1
0.25,1,10,3,5,0,0
0.25,1,10,4,5,2,1
0.25,1,10,5,5,0,0
0.25,1,10,6,5,0,0
0.5,1,9,1,5,279.885993485342,140
0.5,1,9,2,5,5,3
0.5,1,9,3,5,0,0
0.5,1,9,4,5,0,0
0.5,1,9,5,5,0,0
0.5,1,9,6,5,0,0
0.5,1,10,1,5,330.472854640981,166
0.5,1,10,2,5,3,2
0.5,1,10,3,5,0,0
0.5,1,10,4,5,0,0
0.5,1,10,5,5,0,0
0.5,1,10,6,5,0,0
0.75,1,9,1,5,50,38
0.75,1,9,2,5,0,0
0.75,1,9,3,5,0,0
0.75,1,9,4,5,0,0
0.75,1,9,5,5,0,0
0.75,1,9,6,5,0,0
0.75,1,10,1,5,40,30
0.75,1,10,2,5,0,0
0.75,1,10,3,5,0,0
0.75,1,10,4,5,0,0
0.75,1,10,5,5,0,0
0.75,1,10,6,5,0,0
0,6,9,1,5,414.877835951134,0
0,6,9,2,5,354.015544041451,0
0,6,9,3,5,133.36006415397,0
0,6,9,4,5,16,0
0,6,9,5,5,1,0
0,6,9,6,5,0,0
0,6,10,1,5,401.759014951627,0
0,6,10,2,5,353.501280956447,0
0,6,10,3,5,357.320205479452,0
0,6,10,4,5,86.309963099631,0
0,6,10,5,5,9,0
0,6,10,6,5,1,0
0.25,6,9,1,5,347.62323943662,87
0.25,6,9,2,5,91.3888888888889,24
0.25,6,9,3,5,0,0
0.25,6,9,4,5,0,0
0.25,6,9,5,5,0,0
0.25,6,9,6,5,0,0
0.25,6,10,1,5,312.003454231434,79
0.25,6,10,2,5,58,13
0.25,6,10,3,5,3,1
0.25,6,10,4,5,1,1
0.25,6,10,5,5,0,0
0.25,6,10,6,5,0,0
0.5,6,9,1,5,322.300082440231,162
0.5,6,9,2,5,239.62962962963,120
0.5,6,9,3,5,41,21
0.5,6,9,4,5,0,0
0.5,6,9,5,5,0,0
0.5,6,9,6,5,0,0
0.5,6,10,1,5,224.226804123711,113
0.5,6,10,2,5,193.327773144287,97
0.5,6,10,3,5,39,20
0.5,6,10,4,5,2,1
0.5,6,10,5,5,0,0
0.5,6,10,6,5,0,0
0.75,6,9,1,5,97.7536793183579,74
0.75,6,9,2,5,1,14
0.75,6,9,3,5,3,3
0.75,6,9,4,5,0,0
0.75,6,9,5,5,3,3
0.75,6,9,6,5,0,0
0.75,6,10,1,5,71,54
0.75,6,10,2,5,3,3
0.75,6,10,3,5,0,0
0.75,6,10,4,5,0,0
0.75,6,10,5,5,0,0
0.75,6,10,6,5,0,0
0,24,9,1,5,494.198405668733,0
0,24,9,2,5,382.68416596105,0
0,24,9,3,5,337.825732899023,0
0,24,9,4,5,209.151973131822,0
0,24,9,5,5,63,0
0,24,9,6,5,1,0
0,24,10,1,5,413.22136089578,0
0,24,10,2,5,439.163822525597,0
0,24,10,3,5,368.548387096774,0
0,24,10,4,5,328.27903091061,0
0,24,10,5,5,69,0
0,24,10,6,5,12,0
0.25,24,9,1,5,308.111380145278,78
0.25,24,9,2,5,251.871440195281,63
0.25,24,9,3,5,219.884963023829,55
0.25,24,9,4,5,28,7
0.25,24,9,5,5,0,0
0.25,24,9,6,5,0,0
0.25,24,10,1,5,392.064180398959,99
0.25,24,10,2,5,344.268605645851,87
0.25,24,10,3,5,188.579499596449,48
0.25,24,10,4,5,16,4
0.25,24,10,5,5,0,0
0.25,24,10,6,5,0,0
0.5,24,9,1,5,247.430668841762,124
0.5,24,9,2,5,173.692810457516,87
0.5,24,9,3,5,98.4182098765432,50
0.5,24,9,4,5,6,3
0.5,24,9,5,5,4,2
0.5,24,9,6,5,0,0
0.5,24,10,1,5,282.687447346251,142
0.5,24,10,2,5,237.186742118027,111
0.5,24,10,3,5,96.9947735191638,49
0.5,24,10,4,5,4,2
0.5,24,10,5,5,0,0
0.5,24,10,6,5,0,0
0.75,24,9,1,5,26,20
0.75,24,9,2,5,14,11
0.75,24,9,3,5,0,0
0.75,24,9,4,5,0,0
0.75,24,9,5,5,0,0
0.75,24,9,6,5,0,0
0.75,24,10,1,5,20,15
0.75,24,10,2,5,2,2
0.75,24,10,3,5,0,0
0.75,24,10,4,5,0,0
0.75,24,10,5,5,0,0
0.75,24,10,6,5,0,0
0,1,1,1,6,334.234995773457,0
0,1,1,2,6,189.246401354784,0
0,1,1,3,6,0,0
0,1,1,4,6,0,0
0,1,1,5,6,0,0
0,1,1,6,6,0,0
0,1,2,1,6,281.489361702128,0
0,1,2,2,6,226.809338521401,0
0,1,2,3,6,10,0
0,1,2,4,6,1,0
0,1,2,5,6,0,0
0,1,2,6,6,0,0
0.25,1,1,1,6,308.088851634535,78
0.25,1,1,2,6,221.841155234657,56
0.25,1,1,3,6,1,1
0.25,1,1,4,6,0,0
0.25,1,1,5,6,0,0
0.25,1,1,6,6,0,0
0.25,1,2,1,6,283.90901432182,71
0.25,1,2,2,6,272.416737830914,69
0.25,1,2,3,6,10,3
0.25,1,2,4,6,0,0
0.25,1,2,5,6,0,0
0.25,1,2,6,6,0,0
0.5,1,1,1,6,167.467948717949,84
0.5,1,1,2,6,0,0
0.5,1,1,3,6,0,0
0.5,1,1,4,6,0,0
0.5,1,1,5,6,0,0
0.5,1,1,6,6,0,0
0.5,1,2,1,6,207.014809041309,104
0.5,1,2,2,6,150.904295403165,76
0.5,1,2,3,6,1,1
0.5,1,2,4,6,0,0
0.5,1,2,5,6,0,0
0.5,1,2,6,6,0,0
0.75,1,1,1,6,29,22
0.75,1,1,2,6,0,0
0.75,1,1,3,6,0,0
0.75,1,1,4,6,0,0
0.75,1,1,5,6,0,0
0.75,1,1,6,6,0,0
0.75,1,2,1,6,25,19
0.75,1,2,2,6,0,0
0.75,1,2,3,6,0,0
0.75,1,2,4,6,0,0
0.75,1,2,5,6,0,0
0.75,1,2,6,6,0,0
0,6,1,1,6,260.057708161583,0
0,6,1,2,6,288.438566552901,0
0,6,1,3,6,70,0
0,6,1,4,6,0,0
0,6,1,5,6,0,0
0,6,1,6,6,0,0
0,6,2,1,6,286.622073578595,0
0,6,2,2,6,292.487266553481,0
0,6,2,3,6,118.108326596605,0
0,6,2,4,6,0,0
0,6,2,5,6,0,0
0,6,2,6,6,0,0
0.25,6,1,1,6,304.434121621622,77
0.25,6,1,2,6,227.045826513912,57
0.25,6,1,3,6,111.961722488038,28
0.25,6,1,4,6,3,1
0.25,6,1,5,6,0,0
0.25,6,1,6,6,0,0
0.25,6,2,1,6,257.328990228013,65
0.25,6,2,2,6,239.657980456026,60
0.25,6,2,3,6,26,7
0.25,6,2,4,6,0,0
0.25,6,2,5,6,0,0
0.25,6,2,6,6,0,0
0.5,6,1,1,6,152.112103980504,77
0.5,6,1,2,6,29,15
0.5,6,1,3,6,0,0
0.5,6,1,4,6,0,0
0.5,6,1,5,6,0,0
0.5,6,1,6,6,0,0
0.5,6,2,1,6,218.10618066561,110
0.5,6,2,2,6,158.490566037736,80
0.5,6,2,3,6,6,3
0.5,6,2,4,6,0,0
0.5,6,2,5,6,0,0
0.5,6,2,6,6,0,0
0.75,6,1,1,6,0,0
0.75,6,1,2,6,0,0
0.75,6,1,3,6,0,0
0.75,6,1,4,6,0,0
0.75,6,1,5,6,0,0
0.75,6,1,6,6,0,0
0.75,6,2,1,6,0,0
0.75,6,2,2,6,0,0
0.75,6,2,3,6,0,0
0.75,6,2,4,6,0,0
0.75,6,2,5,6,0,0
0.75,6,2,6,6,0,0
0,24,1,1,6,351.280991735537,0
0,24,1,2,6,286.63967611336,0
0,24,1,3,6,244.711538461538,0
0,24,1,4,6,160.03937007874,0
0,24,1,5,6,138.620689655172,0
0,24,1,6,6,13,0
0,24,2,1,6,306.804979253112,0
0,24,2,2,6,328.675838349097,0
0,24,2,3,6,277.846027846028,0
0,24,2,4,6,186.032388663968,0
0,24,2,5,6,158.973288814691,0
0,24,2,6,6,29,0
0.25,24,1,1,6,367.889530090684,92
0.25,24,1,2,6,281.396357328708,71
0.25,24,1,3,6,186.488673139159,47
0.25,24,1,4,6,136.197511664075,35
0.25,24,1,5,6,34,9
0.25,24,1,6,6,7,2
0.25,24,2,1,6,335.745047372954,84
0.25,24,2,2,6,246.677604593929,62
0.25,24,2,3,6,166.996699669967,42
0.25,24,2,4,6,210.832659660469,53
0.25,24,2,5,6,40,10
0.25,24,2,6,6,5,2
0.5,24,1,1,6,141.784591194969,71
0.5,24,1,2,6,113.853503184713,57
0.5,24,1,3,6,107.947284345048,54
0.5,24,1,4,6,7,4
0.5,24,1,5,6,1,1
0.5,24,1,6,6,0,0
0.5,24,2,1,6,235.68281938326,118
0.5,24,2,2,6,143.266129032258,72
0.5,24,2,3,6,112.824675324675,57
0.5,24,2,4,6,52,26
0.5,24,2,5,6,0,0
0.5,24,2,6,6,0,0
0.75,24,1,1,6,19,15
0.75,24,1,2,6,0,0
0.75,24,1,3,6,0,0
0.75,24,1,4,6,0,0
0.75,24,1,5,6,0,0
0.75,24,1,6,6,0,0
0.75,24,2,1,6,35,27
0.75,24,2,2,6,23,18
0.75,24,2,3,6,0,0
0.75,24,2,4,6,0,0
0.75,24,2,5,6,0,0
0.75,24,2,6,6,0,0
0,1,3,1,6,333.011413520632,0
0,1,3,2,6,219.508326724822,0
0,1,3,3,6,13,0
0,1,3,4,6,0,0
0,1,3,5,6,0,0
0,1,3,6,6,0,0
0,1,4,1,6,296.785437645236,0
0,1,4,2,6,321.381306865178,0
0,1,4,3,6,55,0
0,1,4,4,6,2,0
0,1,4,5,6,0,0
0,1,4,6,6,0,0
0.25,1,3,1,6,274.762282091918,69
0.25,1,3,2,6,174.015151515152,44
0.25,1,3,3,6,2,1
0.25,1,3,4,6,0,0
0.25,1,3,5,6,0,0
0.25,1,3,6,6,0,0
0.25,1,4,1,6,323.4335839599,81
0.25,1,4,2,6,98.0578512396694,25
0.25,1,4,3,6,0,0
0.25,1,4,4,6,1,0
0.25,1,4,5,6,0,0
0.25,1,4,6,6,0,0
0.5,1,3,1,6,256.950122649223,129
0.5,1,3,2,6,116.481334392375,59
0.5,1,3,3,6,0,0
0.5,1,3,4,6,0,0
0.5,1,3,5,6,0,0
0.5,1,3,6,6,0,0
0.5,1,4,1,6,237.075393537697,119
0.5,1,4,2,6,7,4
0.5,1,4,3,6,0,0
0.5,1,4,4,6,0,0
0.5,1,4,5,6,0,0
0.5,1,4,6,6,0,0
0.75,1,3,1,6,124.007633587786,94
0.75,1,3,2,6,11,8
0.75,1,3,3,6,0,0
0.75,1,3,4,6,0,0
0.75,1,3,5,6,1,1
0.75,1,3,6,6,0,0
0.75,1,4,1,6,49,37
0.75,1,4,2,6,0,0
0.75,1,4,3,6,0,0
0.75,1,4,4,6,0,0
0.75,1,4,5,6,0,0
0.75,1,4,6,6,0,0
0,6,3,1,6,421.214713430282,0
0,6,3,2,6,345.637296834902,0
0,6,3,3,6,307.401448109413,0
0,6,3,4,6,65,0
0,6,3,5,6,7,0
0,6,3,6,6,0,0
0,6,4,1,6,372.111553784861,0
0,6,4,2,6,168.964003511852,0
0,6,4,3,6,192.014162077105,0
0,6,4,4,6,35,0
0,6,4,5,6,1,0
0,6,4,6,6,0,0
0.25,6,3,1,6,360.910582444627,91
0.25,6,3,2,6,235.553772070626,59
0.25,6,3,3,6,143.571428571429,36
0.25,6,3,4,6,16,4
0.25,6,3,5,6,0,0
0.25,6,3,6,6,0,0
0.25,6,4,1,6,294.942434210526,74
0.25,6,4,2,6,199.306090979183,50
0.25,6,4,3,6,56,14
0.25,6,4,4,6,0,0
0.25,6,4,5,6,0,0
0.25,6,4,6,6,0,0
0.5,6,3,1,6,199.158653846154,100
0.5,6,3,2,6,107.03732503888,54
0.5,6,3,3,6,11,6
0.5,6,3,4,6,0,0
0.5,6,3,5,6,0,0
0.5,6,3,6,6,0,0
0.5,6,4,1,6,186.311941510967,94
0.5,6,4,2,6,81.0071371927042,41
0.5,6,4,3,6,22,11
0.5,6,4,4,6,0,0
0.5,6,4,5,6,0,0
0.5,6,4,6,6,0,0
0.75,6,3,1,6,97.7116704805492,74
0.75,6,3,2,6,5,4
0.75,6,3,3,6,0,0
0.75,6,3,4,6,0,0
0.75,6,3,5,6,0,0
0.75,6,3,6,6,0,0
0.75,6,4,1,6,21,16
0.75,6,4,2,6,1,1
0.75,6,4,3,6,0,0
0.75,6,4,4,6,1,1
0.75,6,4,5,6,0,0
0.75,6,4,6,6,0,0
0,24,3,1,6,490.961857379768,0
0,24,3,2,6,378.142329020333,0
0,24,3,3,6,332.72884283247,0
0,24,3,4,6,284.740802675585,0
0,24,3,5,6,207.294213528932,0
0,24,3,6,6,64,0
0,24,4,1,6,298.76,0
0,24,4,2,6,324.40132122213,0
0,24,4,3,6,265.478056426332,0
0,24,4,4,6,226.76,0
0,24,4,5,6,136.302395209581,0
0,24,4,6,6,43,0
0.25,24,3,1,6,277.902321857486,70
0.25,24,3,2,6,241.692913385827,61
0.25,24,3,3,6,231.849912739965,58
0.25,24,3,4,6,128.965785381026,33
0.25,24,3,5,6,119.669421487603,30
0.25,24,3,6,6,18,5
0.25,24,4,1,6,240.690208667737,61
0.25,24,4,2,6,279.918699186992,70
0.25,24,4,3,6,206.570512820513,52
0.25,24,4,4,6,124.261771747805,32
0.25,24,4,5,6,59,15
0.25,24,4,6,6,0,0
0.5,24,3,1,6,185.247933884298,93
0.5,24,3,2,6,155.190174326466,78
0.5,24,3,3,6,107.204385277995,54
0.5,24,3,4,6,72,36
0.5,24,3,5,6,16,8
0.5,24,3,6,6,0,0
0.5,24,4,1,6,184.68253968254,93
0.5,24,4,2,6,146.743447180302,74
0.5,24,4,3,6,111.897106109325,56
0.5,24,4,4,6,31,16
0.5,24,4,5,6,9,5
0.5,24,4,6,6,0,0
0.75,24,3,1,6,36,27
0.75,24,3,2,6,40,30
0.75,24,3,3,6,1,1
0.75,24,3,4,6,0,0
0.75,24,3,5,6,0,0
0.75,24,3,6,6,0,0
0.75,24,4,1,6,35,27
0.75,24,4,2,6,34,26
0.75,24,4,3,6,1,1
0.75,24,4,4,6,0,0
0.75,24,4,5,6,0,0
0.75,24,4,6,6,0,0
0,1,5,1,6,333.598326359833,0
0,1,5,2,6,74,0
0,1,5,3,6,0,0
0,1,5,4,6,0,0
0,1,5,5,6,0,0
0,1,5,6,6,1,0
0,1,6,1,6,293.030050083472,0
0,1,6,2,6,276.430976430976,0
0,1,6,3,6,1,0
0,1,6,4,6,0,0
0,1,6,5,6,0,0
0,1,6,6,6,0,0
0.25,1,5,1,6,261.724723874257,66
0.25,1,5,2,6,23,6
0.25,1,5,3,6,0,0
0.25,1,5,4,6,0,0
0.25,1,5,5,6,0,0
0.25,1,5,6,6,0,0
0.25,1,6,1,6,239.352574102964,60
0.25,1,6,2,6,3,1
0.25,1,6,3,6,0,0
0.25,1,6,4,6,0,0
0.25,1,6,5,6,1,0
0.25,1,6,6,6,0,0
0.5,1,5,1,6,195.114942528736,98
0.5,1,5,2,6,21,11
0.5,1,5,3,6,0,0
0.5,1,5,4,6,0,0
0.5,1,5,5,6,0,0
0.5,1,5,6,6,0,0
0.5,1,6,1,6,209.985096870343,105
0.5,1,6,2,6,128.738317757009,65
0.5,1,6,3,6,1,1
0.5,1,6,4,6,0,0
0.5,1,6,5,6,0,0
0.5,1,6,6,6,0,0
0.75,1,5,1,6,17,13
0.75,1,5,2,6,0,0
0.75,1,5,3,6,0,0
0.75,1,5,4,6,0,0
0.75,1,5,5,6,0,0
0.75,1,5,6,6,0,0
0.75,1,6,1,6,22,17
0.75,1,6,2,6,3,2
0.75,1,6,3,6,0,0
0.75,1,6,4,6,0,0
0.75,1,6,5,6,1,1
0.75,1,6,6,6,0,0
0,6,5,1,6,266.611842105263,0
0,6,5,2,6,324.050086355786,0
0,6,5,3,6,257.769097222222,0
0,6,5,4,6,208.190709046455,0
0,6,5,5,6,86.7298578199052,0
0,6,5,6,6,0,0
0,6,6,1,6,298.277276456112,0
0,6,6,2,6,290.701468189233,0
0,6,6,3,6,137.059294871795,0
0,6,6,4,6,18,0
0,6,6,5,6,0,0
0,6,6,6,6,0,0
0.25,6,5,1,6,218.825910931174,55
0.25,6,5,2,6,216.666666666667,55
0.25,6,5,3,6,32,8
0.25,6,5,4,6,0,0
0.25,6,5,5,6,0,0
0.25,6,5,6,6,0,0
0.25,6,6,1,6,263.400809716599,66
0.25,6,6,2,6,130.478395061728,33
0.25,6,6,3,6,4,1
0.25,6,6,4,6,1,0
0.25,6,6,5,6,0,0
0.25,6,6,6,6,0,0
0.5,6,5,1,6,233.252032520325,117
0.5,6,5,2,6,126.319875776398,64
0.5,6,5,3,6,13,7
0.5,6,5,4,6,0,0
0.5,6,5,5,6,0,0
0.5,6,5,6,6,5,3
0.5,6,6,1,6,171.456538762725,86
0.5,6,6,2,6,169.291014014839,85
0.5,6,6,3,6,135.247836349331,68
0.5,6,6,4,6,5,3
0.5,6,6,5,6,0,0
0.5,6,6,6,6,0,0
0.75,6,5,1,6,28,21
0.75,6,5,2,6,0,0
0.75,6,5,3,6,0,0
0.75,6,5,4,6,0,0
0.75,6,5,5,6,0,0
0.75,6,5,6,6,0,0
0.75,6,6,1,6,29,22
0.75,6,6,2,6,14,1
0.75,6,6,3,6,0,0
0.75,6,6,4,6,1,1
0.75,6,6,5,6,0,0
0.75,6,6,6,6,0,0
0,24,5,1,6,324.63829787234,0
0,24,5,2,6,251.390024529845,0
0,24,5,3,6,234.539473684211,0
0,24,5,4,6,176.900826446281,0
0,24,5,5,6,150.161030595813,0
0,24,5,6,6,41,0
0,24,6,1,6,289.828431372549,0
0,24,6,2,6,290.386230058774,0
0,24,6,3,6,234.232365145228,0
0,24,6,4,6,255.506993006993,0
0,24,6,5,6,154.071246819338,0
0,24,6,6,6,54,0
0.25,24,5,1,6,262.209302325581,66
0.25,24,5,2,6,249.668874172185,63
0.25,24,5,3,6,194.971842316975,49
0.25,24,5,4,6,168.205128205128,43
0.25,24,5,5,6,37,9
0.25,24,5,6,6,2,1
0.25,24,6,1,6,250.692041522491,63
0.25,24,6,2,6,195.299837925446,49
0.25,24,6,3,6,99.7163695299838,25
0.25,24,6,4,6,91.1764705882353,23
0.25,24,6,5,6,0,0
0.25,24,6,6,6,0,0
0.5,24,5,1,6,181.324278438031,91
0.5,24,5,2,6,136.884584342211,69
0.5,24,5,3,6,122.270916334661,62
0.5,24,5,4,6,35,18
0.5,24,5,5,6,2,1
0.5,24,5,6,6,0,0
0.5,24,6,1,6,139.814814814815,70
0.5,24,6,2,6,69,35
0.5,24,6,3,6,75,38
0.5,24,6,4,6,3,2
0.5,24,6,5,6,0,0
0.5,24,6,6,6,0,0
0.75,24,5,1,6,17,13
0.75,24,5,2,6,45,34
0.75,24,5,3,6,18,14
0.75,24,5,4,6,1,1
0.75,24,5,5,6,0,0
0.75,24,5,6,6,0,0
0.75,24,6,1,6,40,30
0.75,24,6,2,6,5,4
0.75,24,6,3,6,0,0
0.75,24,6,4,6,0,0
0.75,24,6,5,6,0,0
0.75,24,6,6,6,0,0
0,1,7,1,6,NA,0
0,1,7,2,6,NA,0
0,1,7,3,6,NA,0
0,1,7,4,6,NA,0
0,1,7,5,6,NA,0
0,1,7,6,6,NA,0
0,1,8,1,6,NA,0
0,1,8,2,6,NA,0
0,1,8,3,6,NA,0
0,1,8,4,6,NA,0
0,1,8,5,6,NA,0
0,1,8,6,6,NA,0
0.25,1,7,1,6,NA,45
0.25,1,7,2,6,NA,33
0.25,1,7,3,6,NA,4
0.25,1,7,4,6,NA,0
0.25,1,7,5,6,NA,1
0.25,1,7,6,6,NA,1
0.25,1,8,1,6,NA,11
0.25,1,8,2,6,NA,31
0.25,1,8,3,6,NA,0
0.25,1,8,4,6,NA,0
0.25,1,8,5,6,NA,0
0.25,1,8,6,6,NA,0
0.5,1,7,1,6,NA,18
0.5,1,7,2,6,NA,0
0.5,1,7,3,6,NA,0
0.5,1,7,4,6,NA,0
0.5,1,7,5,6,NA,0
0.5,1,7,6,6,NA,0
0.5,1,8,1,6,NA,50
0.5,1,8,2,6,NA,33
0.5,1,8,3,6,NA,38
0.5,1,8,4,6,NA,1
0.5,1,8,5,6,NA,0
0.5,1,8,6,6,NA,0
0.75,1,7,1,6,NA,1
0.75,1,7,2,6,NA,0
0.75,1,7,3,6,NA,0
0.75,1,7,4,6,NA,0
0.75,1,7,5,6,NA,0
0.75,1,7,6,6,NA,0
0.75,1,8,1,6,NA,10
0.75,1,8,2,6,NA,0
0.75,1,8,3,6,NA,0
0.75,1,8,4,6,NA,0
0.75,1,8,5,6,NA,0
0.75,1,8,6,6,NA,0
0,6,7,1,6,NA,0
0,6,7,2,6,NA,0
0,6,7,3,6,NA,0
0,6,7,4,6,NA,0
0,6,7,5,6,NA,0
0,6,7,6,6,NA,0
0,6,8,1,6,NA,0
0,6,8,2,6,NA,0
0,6,8,3,6,NA,0
0,6,8,4,6,NA,0
0,6,8,5,6,NA,0
0,6,8,6,6,NA,0
0.25,6,7,1,6,NA,31
0.25,6,7,2,6,NA,34
0.25,6,7,3,6,NA,34
0.25,6,7,4,6,NA,2
0.25,6,7,5,6,NA,1
0.25,6,7,6,6,NA,0
0.25,6,8,1,6,NA,67
0.25,6,8,2,6,NA,33
0.25,6,8,3,6,NA,10
0.25,6,8,4,6,NA,0
0.25,6,8,5,6,NA,0
0.25,6,8,6,6,NA,0
0.5,6,7,1,6,NA,24
0.5,6,7,2,6,NA,26
0.5,6,7,3,6,NA,3
0.5,6,7,4,6,NA,0
0.5,6,7,5,6,NA,0
0.5,6,7,6,6,NA,0
0.5,6,8,1,6,NA,14
0.5,6,8,2,6,NA,30
0.5,6,8,3,6,NA,0
0.5,6,8,4,6,NA,0
0.5,6,8,5,6,NA,0
0.5,6,8,6,6,NA,0
0.75,6,7,1,6,NA,31
0.75,6,7,2,6,NA,1
0.75,6,7,3,6,NA,0
0.75,6,7,4,6,NA,0
0.75,6,7,5,6,NA,0
0.75,6,7,6,6,NA,0
0.75,6,8,1,6,NA,9
0.75,6,8,2,6,NA,5
0.75,6,8,3,6,NA,0
0.75,6,8,4,6,NA,0
0.75,6,8,5,6,NA,0
0.75,6,8,6,6,NA,0
0,24,7,1,6,NA,0
0,24,7,2,6,NA,0
0,24,7,3,6,NA,0
0,24,7,4,6,NA,0
0,24,7,5,6,NA,0
0,24,7,6,6,NA,0
0,24,8,1,6,NA,0
0,24,8,2,6,NA,0
0,24,8,3,6,NA,0
0,24,8,4,6,NA,0
0,24,8,5,6,NA,0
0,24,8,6,6,NA,0
0.25,24,7,1,6,NA,39
0.25,24,7,2,6,NA,33
0.25,24,7,3,6,NA,18
0.25,24,7,4,6,NA,3
0.25,24,7,5,6,NA,0
0.25,24,7,6,6,NA,0
0.25,24,8,1,6,NA,40
0.25,24,8,2,6,NA,40
0.25,24,8,3,6,NA,23
0.25,24,8,4,6,NA,12
0.25,24,8,5,6,NA,1
0.25,24,8,6,6,NA,0
0.5,24,7,1,6,NA,23
0.5,24,7,2,6,NA,2
0.5,24,7,3,6,NA,7
0.5,24,7,4,6,NA,0
0.5,24,7,5,6,NA,0
0.5,24,7,6,6,NA,0
0.5,24,8,1,6,NA,16
0.5,24,8,2,6,NA,7
0.5,24,8,3,6,NA,16
0.5,24,8,4,6,NA,0
0.5,24,8,5,6,NA,1
0.5,24,8,6,6,NA,0
0.75,24,7,1,6,NA,38
0.75,24,7,2,6,NA,14
0.75,24,7,3,6,NA,15
0.75,24,7,4,6,NA,0
0.75,24,7,5,6,NA,0
0.75,24,7,6,6,NA,0
0.75,24,8,1,6,NA,0
0.75,24,8,2,6,NA,18
0.75,24,8,3,6,NA,0
0.75,24,8,4,6,NA,0
0.75,24,8,5,6,NA,0
0.75,24,8,6,6,NA,0
0,1,9,1,6,272.310756972112,0
0,1,9,2,6,300.474956822107,0
0,1,9,3,6,5,0
0,1,9,4,6,1,0
0,1,9,5,6,0,0
0,1,9,6,6,0,0
0,1,10,1,6,278.172999191593,0
0,1,10,2,6,236.209677419355,0
0,1,10,3,6,2,0
0,1,10,4,6,0,0
0,1,10,5,6,0,0
0,1,10,6,6,0,0
0.25,1,9,1,6,217.191283292978,55
0.25,1,9,2,6,30,8
0.25,1,9,3,6,0,0
0.25,1,9,4,6,0,0
0.25,1,9,5,6,0,0
0.25,1,9,6,6,0,0
0.25,1,10,1,6,246.579804560261,62
0.25,1,10,2,6,9,3
0.25,1,10,3,6,0,0
0.25,1,10,4,6,7,2
0.25,1,10,5,6,0,0
0.25,1,10,6,6,0,0
0.5,1,9,1,6,150.395569620253,76
0.5,1,9,2,6,13,7
0.5,1,9,3,6,2,1
0.5,1,9,4,6,0,0
0.5,1,9,5,6,0,0
0.5,1,9,6,6,0,0
0.5,1,10,1,6,199.051383399209,100
0.5,1,10,2,6,1,1
0.5,1,10,3,6,0,0
0.5,1,10,4,6,0,0
0.5,1,10,5,6,0,0
0.5,1,10,6,6,0,0
0.75,1,9,1,6,28,21
0.75,1,9,2,6,0,0
0.75,1,9,3,6,0,0
0.75,1,9,4,6,0,0
0.75,1,9,5,6,0,0
0.75,1,9,6,6,0,0
0.75,1,10,1,6,13,10
0.75,1,10,2,6,0,0
0.75,1,10,3,6,0,0
0.75,1,10,4,6,0,0
0.75,1,10,5,6,0,0
0.75,1,10,6,6,0,0
0,6,9,1,6,256.076672104405,0
0,6,9,2,6,326.790227464195,0
0,6,9,3,6,169.2037470726,0
0,6,9,4,6,48,0
0,6,9,5,6,2,0
0,6,9,6,6,0,0
0,6,10,1,6,269.84,0
0,6,10,2,6,300.246305418719,0
0,6,10,3,6,255.921052631579,0
0,6,10,4,6,135.598455598456,0
0,6,10,5,6,25,0
0,6,10,6,6,0,0
0.25,6,9,1,6,225.93023255814,57
0.25,6,9,2,6,113.263727764888,29
0.25,6,9,3,6,10,3
0.25,6,9,4,6,0,0
0.25,6,9,5,6,1,1
0.25,6,9,6,6,0,0
0.25,6,10,1,6,198.123534010946,50
0.25,6,10,2,6,111.372549019608,28
0.25,6,10,3,6,5,2
0.25,6,10,4,6,0,0
0.25,6,10,5,6,0,0
0.25,6,10,6,6,0,0
0.5,6,9,1,6,211.919504643963,106
0.5,6,9,2,6,150.413223140496,76
0.5,6,9,3,6,63,32
0.5,6,9,4,6,1,1
0.5,6,9,5,6,0,0
0.5,6,9,6,6,0,0
0.5,6,10,1,6,164.685792349727,83
0.5,6,10,2,6,175.624421831637,88
0.5,6,10,3,6,69,35
0.5,6,10,4,6,3,2
0.5,6,10,5,6,0,0
0.5,6,10,6,6,0,0
0.75,6,9,1,6,47,36
0.75,6,9,2,6,3,3
0.75,6,9,3,6,0,0
0.75,6,9,4,6,0,0
0.75,6,9,5,6,0,0
0.75,6,9,6,6,0,0
0.75,6,10,1,6,39,30
0.75,6,10,2,6,5,4
0.75,6,10,3,6,0,0
0.75,6,10,4,6,0,0
0.75,6,10,5,6,0,0
0.75,6,10,6,6,0,0
0,24,9,1,6,274.087893864013,0
0,24,9,2,6,280.180921052632,0
0,24,9,3,6,267.068965517241,0
0,24,9,4,6,227.216174183515,0
0,24,9,5,6,96.3149728471683,0
0,24,9,6,6,38,0
0,24,10,1,6,328.322528363047,0
0,24,10,2,6,296.682653876898,0
0,24,10,3,6,301.717408274785,0
0,24,10,4,6,238.393543428132,0
0,24,10,5,6,117.631774313289,0
0,24,10,6,6,34,0
0.25,24,9,1,6,222.858225928734,56
0.25,24,9,2,6,217.216981132075,55
0.25,24,9,3,6,189.24512987013,48
0.25,24,9,4,6,82.34375,21
0.25,24,9,5,6,6,2
0.25,24,9,6,6,1,1
0.25,24,10,1,6,261.151662611517,66
0.25,24,10,2,6,145.660828025478,37
0.25,24,10,3,6,148.513302034429,38
0.25,24,10,4,6,50,13
0.25,24,10,5,6,0,0
0.25,24,10,6,6,0,0
0.5,24,9,1,6,198.848684210526,100
0.5,24,9,2,6,149.408517350158,75
0.5,24,9,3,6,122.261623325453,62
0.5,24,9,4,6,20,10
0.5,24,9,5,6,0,0
0.5,24,9,6,6,0,0
0.5,24,10,1,6,173.477564102564,87
0.5,24,10,2,6,172.760290556901,87
0.5,24,10,3,6,62,31
0.5,24,10,4,6,37,19
0.5,24,10,5,6,0,0
0.5,24,10,6,6,0,0
0.75,24,9,1,6,25,19
0.75,24,9,2,6,8,6
0.75,24,9,3,6,0,0
0.75,24,9,4,6,0,0
0.75,24,9,5,6,0,0
0.75,24,9,6,6,0,0
0.75,24,10,1,6,21,16
0.75,24,10,2,6,1,1
0.75,24,10,3,6,0,0
0.75,24,10,4,6,0,0
0.75,24,10,5,6,0,0
0.75,24,10,6,6,0,0
